0.5171912832929783,0.016129032258064516,0.5041162227602906,0.63408913213448,0.31614349775784756
0.5171912832929783,0.016129032258064516,0.5041162227602906,0.63408913213448,0.31614349775784756
0.5171912832929783,0.016129032258064516,0.5041162227602906,0.63408913213448,0.31614349775784756
0.5171912832929783,0.016129032258064516,0.5041162227602906,0.63408913213448,0.31614349775784756
0.5171912832929783,0.016129032258064516,0.5041162227602906,0.63408913213448,0.31614349775784756
0.5171912832929783,0.016129032258064516,0.5041162227602906,0.63408913213448,0.31614349775784756
0.5171912832929783,0.016129032258064516,0.5041162227602906,0.63408913213448,0.31614349775784756
0.5171912832929783,0.016129032258064516,0.5041162227602906,0.63408913213448,0.31614349775784756
0.5171912832929783,0.016129032258064516,0.5041162227602906,0.63408913213448,0.31614349775784756
0.5171912832929783,0.016129032258064516,0.5041162227602906,0.63408913213448,0.31614349775784756
0.5171912832929783,0.016129032258064516,0.5041162227602906,0.63408913213448,0.31614349775784756
0.5171912832929783,0.016129032258064516,0.5041162227602906,0.63408913213448,0.31614349775784756
0.5171912832929783,0.016129032258064516,0.5041162227602906,0.63408913213448,0.31614349775784756
0.5171912832929783,0.016129032258064516,0.5041162227602906,0.63408913213448,0.31614349775784756
0.5171912832929783,0.016129032258064516,0.5041162227602906,0.63408913213448,0.31614349775784756
0.5171912832929783,0.016129032258064516,0.5041162227602906,0.63408913213448,0.31614349775784756
0.5171912832929783,0.016129032258064516,0.5041162227602906,0.63408913213448,0.31614349775784756
0.5171912832929783,0.016129032258064516,0.5041162227602906,0.63408913213448,0.31614349775784756
0.5171912832929783,0.016129032258064516,0.5041162227602906,0.63408913213448,0.31614349775784756
0.5171912832929783,0.016129032258064516,0.5041162227602906,0.63408913213448,0.31614349775784756
0.5171912832929783,0.016129032258064516,0.5041162227602906,0.63408913213448,0.31614349775784756
0.5171912832929783,0.016129032258064516,0.5041162227602906,0.63408913213448,0.31614349775784756
0.5171912832929783,0.016129032258064516,0.5041162227602906,0.63408913213448,0.31614349775784756
0.5171912832929783,0.016129032258064516,0.5041162227602906,0.63408913213448,0.31614349775784756
0.5171912832929783,0.016129032258064516,0.5041162227602906,0.63408913213448,0.31614349775784756
0.5171912832929783,0.016129032258064516,0.5041162227602906,0.63408913213448,0.31614349775784756
0.5171912832929783,0.016129032258064516,0.5041162227602906,0.63408913213448,0.31614349775784756
0.5171912832929783,0.016129032258064516,0.5041162227602906,0.63408913213448,0.31614349775784756
0.5171912832929783,0.016129032258064516,0.5041162227602906,0.63408913213448,0.31614349775784756
0.5171912832929783,0.016129032258064516,0.5041162227602906,0.63408913213448,0.31614349775784756
0.5171912832929783,0.016129032258064516,0.5041162227602906,0.63408913213448,0.31614349775784756
0.5171912832929783,0.016129032258064516,0.5041162227602906,0.63408913213448,0.31614349775784756
0.5171912832929783,0.016129032258064516,0.5041162227602906,0.63408913213448,0.31614349775784756
0.5171912832929783,0.016129032258064516,0.5041162227602906,0.63408913213448,0.31614349775784756
0.5171912832929783,0.016129032258064516,0.5041162227602906,0.63408913213448,0.31614349775784756
0.5171912832929783,0.016129032258064516,0.5041162227602906,0.63408913213448,0.31614349775784756
0.5171912832929783,0.016129032258064516,0.5041162227602906,0.63408913213448,0.31614349775784756
0.5171912832929783,0.016129032258064516,0.5041162227602906,0.63408913213448,0.31614349775784756
0.5171912832929783,0.016129032258064516,0.5041162227602906,0.63408913213448,0.31614349775784756
0.5171912832929783,0.016129032258064516,0.5041162227602906,0.63408913213448,0.31614349775784756
0.5171912832929783,0.016129032258064516,0.5041162227602906,0.63408913213448,0.31614349775784756
0.5171912832929783,0.016129032258064516,0.5041162227602906,0.63408913213448,0.31614349775784756
0.5171912832929783,0.016129032258064516,0.5041162227602906,0.63408913213448,0.31614349775784756
0.5171912832929783,0.016129032258064516,0.5041162227602906,0.63408913213448,0.31614349775784756
0.5171912832929783,0.016129032258064516,0.5041162227602906,0.63408913213448,0.31614349775784756
0.5171912832929783,0.016129032258064516,0.5041162227602906,0.63408913213448,0.31614349775784756
0.5171912832929783,0.016129032258064516,0.5041162227602906,0.63408913213448,0.31614349775784756
0.5171912832929783,0.016129032258064516,0.5041162227602906,0.63408913213448,0.31614349775784756
0.5171912832929783,0.016129032258064516,0.5041162227602906,0.63408913213448,0.31614349775784756
0.5171912832929783,0.016129032258064516,0.5041162227602906,0.63408913213448,0.31614349775784756
0.5171912832929783,0.016129032258064516,0.5041162227602906,0.63408913213448,0.31614349775784756
0.5171912832929783,0.016129032258064516,0.5041162227602906,0.63408913213448,0.31614349775784756
0.5171912832929783,0.016129032258064516,0.5026634382566586,0.63408913213448,0.31614349775784756
0.5171912832929783,0.016129032258064516,0.5026634382566586,0.63408913213448,0.31614349775784756
0.5171912832929783,0.016129032258064516,0.5026634382566586,0.63408913213448,0.31614349775784756
0.5171912832929783,0.016129032258064516,0.5026634382566586,0.63408913213448,0.31614349775784756
0.5171912832929783,0.016129032258064516,0.5026634382566586,0.63408913213448,0.31614349775784756
0.5171912832929783,0.016129032258064516,0.5026634382566586,0.63408913213448,0.31614349775784756
0.5171912832929783,0.016129032258064516,0.5026634382566586,0.63408913213448,0.31614349775784756
0.5171912832929783,0.016129032258064516,0.5012106537530266,0.63408913213448,0.31614349775784756
0.5171912832929783,0.016129032258064516,0.5012106537530266,0.63408913213448,0.31614349775784756
0.5171912832929783,0.019851116625310174,0.5012106537530266,0.63408913213448,0.31614349775784756
0.5171912832929783,0.019851116625310174,0.4997578692493947,0.63408913213448,0.31614349775784756
0.5171912832929783,0.019851116625310174,0.4997578692493947,0.63408913213448,0.31614349775784756
0.5171912832929783,0.019851116625310174,0.4997578692493947,0.63408913213448,0.31614349775784756
0.5171912832929783,0.02357320099255583,0.4997578692493947,0.63408913213448,0.31614349775784756
0.5171912832929783,0.02357320099255583,0.4997578692493947,0.63408913213448,0.31614349775784756
0.5171912832929783,0.02729528535980149,0.4997578692493947,0.63408913213448,0.31614349775784756
0.5171912832929783,0.02729528535980149,0.4997578692493947,0.6352619233776388,0.31614349775784756
0.5171912832929783,0.031017369727047148,0.4997578692493947,0.6352619233776388,0.31614349775784756
0.5171912832929783,0.034739454094292806,0.4997578692493947,0.6352619233776388,0.31614349775784756
0.5171912832929783,0.034739454094292806,0.4997578692493947,0.6364347146207975,0.31614349775784756
0.5171912832929783,0.038461538461538464,0.4997578692493947,0.6364347146207975,0.31614349775784756
0.5171912832929783,0.04218362282878412,0.4997578692493947,0.6364347146207975,0.31614349775784756
0.5171912832929783,0.04590570719602978,0.4997578692493947,0.6364347146207975,0.31614349775784756
0.5171912832929783,0.04962779156327544,0.4997578692493947,0.6364347146207975,0.31614349775784756
0.5171912832929783,0.05334987593052109,0.4997578692493947,0.6364347146207975,0.31614349775784756
0.5171912832929783,0.05707196029776675,0.4997578692493947,0.6364347146207975,0.31614349775784756
0.5171912832929783,0.060794044665012405,0.4997578692493947,0.6364347146207975,0.31614349775784756
0.5171912832929783,0.06823821339950373,0.4997578692493947,0.6364347146207975,0.31614349775784756
0.5171912832929783,0.07196029776674938,0.4997578692493947,0.6364347146207975,0.31614349775784756
0.5171912832929783,0.0794044665012407,0.4997578692493947,0.6364347146207975,0.31614349775784756
0.5171912832929783,0.08684863523573201,0.4997578692493947,0.6364347146207975,0.31614349775784756
0.5171912832929783,0.09057071960297766,0.4997578692493947,0.6364347146207975,0.31614349775784756
0.5171912832929783,0.09801488833746898,0.4997578692493947,0.6364347146207975,0.31614349775784756
0.5171912832929783,0.1054590570719603,0.4997578692493947,0.6364347146207975,0.31614349775784756
0.5171912832929783,0.10918114143920596,0.4997578692493947,0.6364347146207975,0.31614349775784756
0.5171912832929783,0.11662531017369727,0.4997578692493947,0.6364347146207975,0.31614349775784756
0.5171912832929783,0.12531017369727046,0.4997578692493947,0.6364347146207975,0.31614349775784756
0.5171912832929783,0.12903225806451613,0.4997578692493947,0.6364347146207975,0.31614349775784756
0.5171912832929783,0.13771712158808933,0.5012106537530266,0.6364347146207975,0.31614349775784756
0.5171912832929783,0.14267990074441686,0.5012106537530266,0.6364347146207975,0.31614349775784756
0.5171912832929783,0.14640198511166252,0.5012106537530266,0.6364347146207975,0.31614349775784756
0.5171912832929783,0.15632754342431762,0.5012106537530266,0.6364347146207975,0.31614349775784756
0.5171912832929783,0.1600496277915633,0.5012106537530266,0.6364347146207975,0.31614349775784756
0.5171912832929783,0.1674937965260546,0.5012106537530266,0.6364347146207975,0.31614349775784756
0.5171912832929783,0.17121588089330025,0.5012106537530266,0.6352619233776388,0.31614349775784756
0.5171912832929783,0.1761786600496278,0.5012106537530266,0.6352619233776388,0.31614349775784756
0.5171912832929783,0.18114143920595532,0.5012106537530266,0.6352619233776388,0.31614349775784756
0.5171912832929783,0.18982630272952852,0.5012106537530266,0.6352619233776388,0.31614349775784756
0.5171912832929783,0.1935483870967742,0.5012106537530266,0.6352619233776388,0.31614349775784756
0.5171912832929783,0.20099255583126552,0.5012106537530266,0.6352619233776388,0.31614349775784756
0.5171912832929783,0.20843672456575682,0.5012106537530266,0.6352619233776388,0.31614349775784756
0.5171912832929783,0.21215880893300249,0.5012106537530266,0.6352619233776388,0.31614349775784756
0.5171912832929783,0.21712158808933002,0.5012106537530266,0.6352619233776388,0.31614349775784756
0.5171912832929783,0.22084367245657568,0.5012106537530266,0.6352619233776388,0.31614349775784756
0.5171912832929783,0.22952853598014888,0.5012106537530266,0.6352619233776388,0.31614349775784756
0.5171912832929783,0.23325062034739455,0.5012106537530266,0.6352619233776388,0.31614349775784756
0.5171912832929783,0.24069478908188585,0.5012106537530266,0.6352619233776388,0.31614349775784756
0.5171912832929783,0.24441687344913152,0.5012106537530266,0.6352619233776388,0.31614349775784756
0.5171912832929783,0.24813895781637718,0.5012106537530266,0.6352619233776388,0.31614349775784756
0.5171912832929783,0.25682382133995035,0.5012106537530266,0.6352619233776388,0.31614349775784756
0.5171912832929783,0.2642679900744417,0.5012106537530266,0.6352619233776388,0.31614349775784756
0.5171912832929783,0.2679900744416873,0.5012106537530266,0.6352619233776388,0.31614349775784756
0.5171912832929783,0.27543424317617865,0.5012106537530266,0.6352619233776388,0.31614349775784756
0.5171912832929783,0.28287841191067,0.5012106537530266,0.6352619233776388,0.31614349775784756
0.5171912832929783,0.2903225806451613,0.5012106537530266,0.6352619233776388,0.31614349775784756
0.5171912832929783,0.29404466501240695,0.5012106537530266,0.63408913213448,0.31614349775784756
0.5171912832929783,0.3027295285359802,0.5012106537530266,0.63408913213448,0.31614349775784756
0.5171912832929783,0.3076923076923077,0.5012106537530266,0.63408913213448,0.31614349775784756
0.5171912832929783,0.315136476426799,0.5012106537530266,0.6329163408913213,0.31614349775784756
0.5171912832929783,0.3225806451612903,0.5012106537530266,0.6329163408913213,0.31614349775784756
0.5171912832929783,0.326302729528536,0.5012106537530266,0.6317435496481626,0.31614349775784756
0.5171912832929783,0.3337468982630273,0.5012106537530266,0.6305707584050039,0.31614349775784756
0.5171912832929783,0.3411910669975186,0.5012106537530266,0.6293979671618452,0.31614349775784756
0.5171912832929783,0.34615384615384615,0.5012106537530266,0.6293979671618452,0.31614349775784756
0.5171912832929783,0.3535980148883375,0.5012106537530266,0.6282251759186864,0.31614349775784756
0.5171912832929783,0.3573200992555831,0.5012106537530266,0.6270523846755277,0.31614349775784756
0.5171912832929783,0.36476426799007444,0.5012106537530266,0.6270523846755277,0.31614349775784756
0.5171912832929783,0.3684863523573201,0.5012106537530266,0.6270523846755277,0.31614349775784756
0.5171912832929783,0.3746898263027295,0.5012106537530266,0.6270523846755277,0.31614349775784756
0.5171912832929783,0.3784119106699752,0.5026634382566586,0.6270523846755277,0.31614349775784756
0.5171912832929783,0.38213399503722084,0.5026634382566586,0.6270523846755277,0.31614349775784756
0.5171912832929783,0.3883374689826303,0.5026634382566586,0.6270523846755277,0.31614349775784756
0.5171912832929783,0.3920595533498759,0.5041162227602906,0.6270523846755277,0.31614349775784756
0.5171912832929783,0.39950372208436724,0.5041162227602906,0.6270523846755277,0.31614349775784756
0.5171912832929783,0.4032258064516129,0.5055690072639225,0.6270523846755277,0.31614349775784756
0.5171912832929783,0.40694789081885857,0.5055690072639225,0.6270523846755277,0.31614349775784756
0.5171912832929783,0.4119106699751861,0.5055690072639225,0.6270523846755277,0.31614349775784756
0.5171912832929783,0.4119106699751861,0.5055690072639225,0.6270523846755277,0.31614349775784756
0.5171912832929783,0.41563275434243174,0.5055690072639225,0.6270523846755277,0.31614349775784756
0.5171912832929783,0.41935483870967744,0.5055690072639225,0.6282251759186864,0.31614349775784756
0.5171912832929783,0.41935483870967744,0.5055690072639225,0.6293979671618452,0.31614349775784756
0.5171912832929783,0.4230769230769231,0.5055690072639225,0.6305707584050039,0.31614349775784756
0.5171912832929783,0.4267990074441687,0.5055690072639225,0.6317435496481626,0.31614349775784756
0.5171912832929783,0.4267990074441687,0.5055690072639225,0.6348709929632526,0.31614349775784756
0.5171912832929783,0.4317617866004963,0.5055690072639225,0.6376075058639562,0.31614349775784756
0.5171912832929783,0.4317617866004963,0.5055690072639225,0.6399530883502736,0.31614349775784756
0.5157384987893463,0.43672456575682383,0.5055690072639225,0.6442533229085223,0.31614349775784756
0.5157384987893463,0.44044665012406947,0.5055690072639225,0.6481626270523847,0.31614349775784756
0.5157384987893463,0.4441687344913151,0.5055690072639225,0.6524628616106333,0.31614349775784756
0.5157384987893463,0.4478908188585608,0.5055690072639225,0.6559812353401094,0.31614349775784756
0.5157384987893463,0.45161290322580644,0.5055690072639225,0.6622361219702892,0.31614349775784756
0.5157384987893463,0.45533498759305213,0.5055690072639225,0.6665363565285379,0.31614349775784756
0.5157384987893463,0.45905707196029777,0.5055690072639225,0.6700547302580141,0.31614349775784756
0.5157384987893463,0.4627791563275434,0.5055690072639225,0.673182173573104,0.31614349775784756
0.5157384987893463,0.4665012406947891,0.5070217917675545,0.6743549648162627,0.31614349775784756
0.5157384987893463,0.47146401985111663,0.5070217917675545,0.6790461297888976,0.31614349775784756
0.5157384987893463,0.47890818858560796,0.5070217917675545,0.6806098514464425,0.31614349775784756
0.5157384987893463,0.4826302729528536,0.5070217917675545,0.6817826426896012,0.31614349775784756
0.5157384987893463,0.48635235732009924,0.5070217917675545,0.6817826426896012,0.31614349775784756
0.5142857142857142,0.4913151364764268,0.5084745762711864,0.6817826426896012,0.31614349775784756
0.5142857142857142,0.49503722084367247,0.5084745762711864,0.6817826426896012,0.31614349775784756
0.5142857142857142,0.5,0.5084745762711864,0.6817826426896012,0.31614349775784756
0.5128329297820823,0.5086848635235732,0.5084745762711864,0.6806098514464425,0.31614349775784756
0.5128329297820823,0.5086848635235732,0.5084745762711864,0.6806098514464425,0.31614349775784756
0.5128329297820823,0.5086848635235732,0.5084745762711864,0.6806098514464425,0.31614349775784756
0.5128329297820823,0.5210918114143921,0.5084745762711864,0.6806098514464425,0.31614349775784756
0.5128329297820823,0.5248138957816377,0.5084745762711864,0.6806098514464425,0.31614349775784756
0.5128329297820823,0.532258064516129,0.5084745762711864,0.6806098514464425,0.31614349775784756
0.5128329297820823,0.5359801488833746,0.5084745762711864,0.6806098514464425,0.31614349775784756
0.5128329297820823,0.5397022332506204,0.5084745762711864,0.6806098514464425,0.31614349775784756
0.5128329297820823,0.5471464019851117,0.5084745762711864,0.6806098514464425,0.31614349775784756
0.5128329297820823,0.5508684863523573,0.5084745762711864,0.6806098514464425,0.31614349775784756
0.5128329297820823,0.5583126550868487,0.5084745762711864,0.6806098514464425,0.31614349775784756
0.5113801452784503,0.5620347394540943,0.5084745762711864,0.6806098514464425,0.31614349775784756
0.5113801452784503,0.5707196029776674,0.5084745762711864,0.6806098514464425,0.31614349775784756
0.5113801452784503,0.5744416873449132,0.5084745762711864,0.6806098514464425,0.31614349775784756
0.5113801452784503,0.5843672456575683,0.5084745762711864,0.6806098514464425,0.31614349775784756
0.5113801452784503,0.5905707196029777,0.5084745762711864,0.6817826426896012,0.31614349775784756
0.5099273607748184,0.5992555831265509,0.5084745762711864,0.6817826426896012,0.31614349775784756
0.5099273607748184,0.6042183622828784,0.5084745762711864,0.6817826426896012,0.31614349775784756
0.5099273607748184,0.6116625310173698,0.5084745762711864,0.6817826426896012,0.31614349775784756
0.5099273607748184,0.6228287841191067,0.5084745762711864,0.6829554339327599,0.31614349775784756
0.5099273607748184,0.6277915632754343,0.5084745762711864,0.6841282251759186,0.31614349775784756
0.5099273607748184,0.6389578163771712,0.5084745762711864,0.6853010164190774,0.31614349775784756
0.5099273607748184,0.6426799007444168,0.5084745762711864,0.6864738076622361,0.31614349775784756
0.5099273607748184,0.652605459057072,0.5084745762711864,0.6876465989053948,0.31614349775784756
0.5084745762711864,0.6600496277915633,0.5084745762711864,0.6888193901485535,0.31614349775784756
0.5084745762711864,0.6674937965260546,0.5084745762711864,0.6888193901485535,0.31614349775784756
0.5084745762711864,0.6724565756823822,0.5084745762711864,0.6899921813917123,0.31614349775784756
0.5084745762711864,0.6811414392059554,0.5084745762711864,0.691164972634871,0.31614349775784756
0.5084745762711864,0.6873449131513648,0.5084745762711864,0.6923377638780297,0.31614349775784756
0.5084745762711864,0.6923076923076923,0.5084745762711864,0.6923377638780297,0.31614349775784756
0.5084745762711864,0.7009925558312655,0.5084745762711864,0.6935105551211884,0.31614349775784756
0.5084745762711864,0.705955334987593,0.5084745762711864,0.6946833463643471,0.31614349775784756
0.5084745762711864,0.7133995037220844,0.5084745762711864,0.6958561376075059,0.31614349775784756
0.5084745762711864,0.71712158808933,0.5084745762711864,0.6970289288506646,0.31614349775784756
0.5084745762711864,0.7245657568238213,0.5099273607748184,0.6982017200938233,0.31614349775784756
0.5084745762711864,0.7295285359801489,0.5099273607748184,0.6982017200938233,0.31614349775784756
0.5084745762711864,0.7332506203473945,0.5099273607748184,0.7013291634089132,0.31614349775784756
0.5084745762711864,0.7369727047146402,0.5099273607748184,0.7025019546520719,0.31614349775784756
0.5084745762711864,0.7406947890818859,0.5113801452784503,0.7036747458952306,0.31614349775784756
0.5084745762711864,0.7444168734491315,0.5113801452784503,0.7048475371383893,0.31614349775784756
0.5084745762711864,0.7444168734491315,0.5113801452784503,0.706020328381548,0.31614349775784756
0.5084745762711864,0.7518610421836228,0.513317191283293,0.7083659108678655,0.31614349775784756
0.5084745762711864,0.7518610421836228,0.5162227602905569,0.7095387021110242,0.31614349775784756
0.5084745762711864,0.7555831265508685,0.5176755447941889,0.7118842845973417,0.31614349775784756
0.5084745762711864,0.7555831265508685,0.5210653753026634,0.7142298670836591,0.31614349775784756
0.5084745762711864,0.7593052109181141,0.52590799031477,0.7154026583268178,0.31614349775784756
0.5084745762711864,0.7593052109181141,0.5302663438256658,0.7185301016419078,0.31614349775784756
0.5084745762711864,0.7593052109181141,0.5360774818401937,0.7204847537138389,0.31614349775784756
0.5084745762711864,0.7630272952853598,0.5404358353510896,0.7228303362001564,0.31614349775784756
0.5084745762711864,0.7630272952853598,0.5486682808716707,0.72556684910086,0.31614349775784756
0.5084745762711864,0.7630272952853598,0.5554479418886199,0.7290852228303362,0.31614349775784756
0.5084745762711864,0.7630272952853598,0.5617433414043583,0.7314308053166536,0.31614349775784756
0.5084745762711864,0.7630272952853598,0.5699757869249394,0.7349491790461298,0.31614349775784756
0.5099273607748184,0.7630272952853598,0.5777239709443099,0.7376856919468334,0.31614349775784756
0.5099273607748184,0.7630272952853598,0.5840193704600485,0.7392494136043785,0.31614349775784756
0.5099273607748184,0.7593052109181141,0.5961259079903147,0.7431587177482408,0.31614349775784756
0.5099273607748184,0.7593052109181141,0.6048426150121066,0.7443315089913995,0.31614349775784756
0.5099273607748184,0.7593052109181141,0.6140435835351089,0.7470680218921032,0.31614349775784756
0.5099273607748184,0.7593052109181141,0.6208232445520581,0.7482408131352619,0.31614349775784756
0.5099273607748184,0.7593052109181141,0.6334140435835351,0.7501954652071932,0.31614349775784756
0.5099273607748184,0.7593052109181141,0.6411622276029055,0.7513682564503519,0.31614349775784756
0.5099273607748184,0.7593052109181141,0.6484261501210654,0.7525410476935106,0.31614349775784756
0.5099273607748184,0.7555831265508685,0.6590799031476997,0.7537138389366693,0.31614349775784756
0.5113801452784503,0.7555831265508685,0.6653753026634383,0.7537138389366693,0.31614349775784756
0.5128329297820823,0.7555831265508685,0.6765133171912833,0.7537138389366693,0.31614349775784756
0.5142857142857142,0.7555831265508685,0.6823244552058111,0.7537138389366693,0.31614349775784756
0.5157384987893463,0.7555831265508685,0.6924939467312349,0.7537138389366693,0.31614349775784756
0.5171912832929783,0.7555831265508685,0.6987893462469734,0.7537138389366693,0.31614349775784756
0.5200968523002422,0.7555831265508685,0.7065375302663438,0.754886630179828,0.31614349775784756
0.5215496368038741,0.7555831265508685,0.711864406779661,0.754886630179828,0.31614349775784756
0.5230024213075061,0.7555831265508685,0.7191283292978208,0.754886630179828,0.31614349775784756
0.5249394673123486,0.7593052109181141,0.7254237288135593,0.754886630179828,0.31614349775784756
0.5263922518159806,0.7593052109181141,0.7307506053268765,0.7560594214229867,0.31614349775784756
0.5278450363196125,0.7593052109181141,0.7365617433414043,0.7560594214229867,0.31614349775784756
0.5312348668280872,0.7593052109181141,0.7418886198547215,0.7572322126661454,0.31614349775784756
0.5326876513317191,0.7593052109181141,0.7467312348668281,0.7572322126661454,0.31614349775784756
0.5341404358353511,0.7593052109181141,0.7501210653753027,0.7584050039093041,0.31614349775784756
0.537046004842615,0.7593052109181141,0.7549636803874092,0.7595777951524628,0.31614349775784756
0.538498789346247,0.7555831265508685,0.7573849878934624,0.7595777951524628,0.31614349775784756
0.5404358353510896,0.7555831265508685,0.7627118644067796,0.7607505863956215,0.31614349775784756
0.5433414043583535,0.7555831265508685,0.7656174334140435,0.7619233776387803,0.31614349775784756
0.5447941888619855,0.7555831265508685,0.7694915254237288,0.763096168881939,0.31614349775784756
0.5462469733656174,0.7555831265508685,0.7714285714285715,0.763096168881939,0.31614349775784756
0.5491525423728814,0.7555831265508685,0.7767554479418887,0.7642689601250977,0.31614349775784756
0.5506053268765133,0.7518610421836228,0.7801452784503632,0.7654417513682564,0.31614349775784756
0.5520581113801453,0.7518610421836228,0.784503631961259,0.7666145426114152,0.31614349775784756
0.5549636803874092,0.7518610421836228,0.7898305084745763,0.7666145426114152,0.31614349775784756
0.5564164648910411,0.7481389578163772,0.7946731234866828,0.7677873338545739,0.31614349775784756
0.5583535108958838,0.7481389578163772,0.797094430992736,0.7677873338545739,0.31614349775784756
0.5617433414043583,0.7444168734491315,0.8043583535108959,0.7677873338545739,0.31614349775784756
0.5617433414043583,0.7444168734491315,0.8082324455205812,0.7677873338545739,0.31614349775784756
0.563680387409201,0.7444168734491315,0.8121065375302663,0.7689601250977326,0.31614349775784756
0.565133171912833,0.7406947890818859,0.8198547215496368,0.7689601250977326,0.31614349775784756
0.5665859564164649,0.7406947890818859,0.823728813559322,0.7689601250977326,0.31614349775784756
0.5680387409200969,0.7369727047146402,0.8276029055690073,0.7689601250977326,0.31614349775784756
0.5704600484261502,0.7369727047146402,0.8334140435835351,0.7689601250977326,0.31614349775784756
0.5719128329297821,0.7332506203473945,0.8368038740920097,0.7689601250977326,0.31614349775784756
0.5733656174334141,0.7332506203473945,0.8411622276029056,0.7701329163408913,0.31614349775784756
0.574818401937046,0.7295285359801489,0.8445520581113801,0.7701329163408913,0.31614349775784756
0.576271186440678,0.7258064516129032,0.8479418886198548,0.7701329163408913,0.31614349775784756
0.5782082324455206,0.7208436724565757,0.8523002421307506,0.77130570758405,0.31614349775784756
0.5782082324455206,0.71712158808933,0.8556900726392251,0.77130570758405,0.31614349775784756
0.5796610169491525,0.7121588089330024,0.8581113801452784,0.7724784988272088,0.31614349775784756
0.5825665859564164,0.7084367245657568,0.8610169491525423,0.7724784988272088,0.31614349775784756
0.5840193704600485,0.7047146401985112,0.8624697336561743,0.7736512900703675,0.31614349775784756
0.5854721549636804,0.6960297766749379,0.864406779661017,0.7748240813135262,0.31614349775784756
0.587409200968523,0.6910669975186104,0.8663438256658595,0.7759968725566849,0.31614349775784756
0.588861985472155,0.6861042183622829,0.8692493946731235,0.7771696637998436,0.31614349775784756
0.5907990314769975,0.6811414392059554,0.8692493946731235,0.7771696637998436,0.31614349775784756
0.5922518159806296,0.6724565756823822,0.8721549636803874,0.7783424550430024,0.31614349775784756
0.5937046004842615,0.6650124069478908,0.8721549636803874,0.7795152462861611,0.31614349775784756
0.5951573849878935,0.6600496277915633,0.8736077481840193,0.7795152462861611,0.31614349775784756
0.5975786924939467,0.6488833746898263,0.8736077481840193,0.781078967943706,0.31614349775784756
0.6004842615012107,0.641439205955335,0.8750605326876514,0.7826426896012509,0.31614349775784756
0.6019370460048427,0.6339950372208437,0.8750605326876514,0.7838154808444097,0.31614349775784756
0.6033898305084746,0.630272952853598,0.8750605326876514,0.7838154808444097,0.31614349775784756
0.6033898305084746,0.6228287841191067,0.8750605326876514,0.7849882720875684,0.31614349775784756
0.6048426150121066,0.6191066997518611,0.8750605326876514,0.7861610633307271,0.31614349775784756
0.6062953995157385,0.6116625310173698,0.8750605326876514,0.7873338545738858,0.31614349775784756
0.6062953995157385,0.6116625310173698,0.8750605326876514,0.7873338545738858,0.31614349775784756
0.6062953995157385,0.607940446650124,0.8750605326876514,0.7888975762314308,0.31614349775784756
0.6062953995157385,0.6042183622828784,0.8750605326876514,0.7900703674745895,0.31614349775784756
0.6062953995157385,0.6042183622828784,0.8750605326876514,0.7912431587177482,0.31614349775784756
0.6062953995157385,0.6042183622828784,0.8750605326876514,0.7924159499609069,0.31614349775784756
0.6062953995157385,0.6042183622828784,0.8750605326876514,0.7924159499609069,0.31614349775784756
0.6062953995157385,0.6042183622828784,0.8736077481840193,0.7924159499609069,0.31614349775784756
0.6062953995157385,0.6042183622828784,0.8721549636803874,0.7924159499609069,0.31614349775784756
0.6062953995157385,0.607940446650124,0.8707021791767554,0.7935887412040656,0.31614349775784756
0.6062953995157385,0.607940446650124,0.8682808716707022,0.7935887412040656,0.31614349775784756
0.6062953995157385,0.607940446650124,0.8648910411622276,0.7935887412040656,0.31614349775784756
0.6062953995157385,0.6116625310173698,0.8600484261501211,0.7935887412040656,0.31614349775784756
0.6062953995157385,0.6153846153846154,0.8556900726392251,0.7935887412040656,0.31614349775784756
0.6062953995157385,0.6191066997518611,0.848910411622276,0.7935887412040656,0.31614349775784756
0.6062953995157385,0.6228287841191067,0.8435835351089589,0.7935887412040656,0.31614349775784756
0.6062953995157385,0.6265508684863523,0.8382566585956417,0.7935887412040656,0.31614349775784756
0.6062953995157385,0.630272952853598,0.8309927360774818,0.7935887412040656,0.31614349775784756
0.6048426150121066,0.6339950372208437,0.8242130750605327,0.7935887412040656,0.31614349775784756
0.6048426150121066,0.6464019851116626,0.8096852300242131,0.7935887412040656,0.31614349775784756
0.6048426150121066,0.6464019851116626,0.8096852300242131,0.7935887412040656,0.31614349775784756
0.6033898305084746,0.6501240694789082,0.8009685230024213,0.7924159499609069,0.31614349775784756
0.6033898305084746,0.6550868486352357,0.7927360774818402,0.7924159499609069,0.31614349775784756
0.6019370460048427,0.6588089330024814,0.7849878934624698,0.7912431587177482,0.31614349775784756
0.6004842615012107,0.6625310173697271,0.7782082324455206,0.7912431587177482,0.31614349775784756
0.5990314769975786,0.6699751861042184,0.7685230024213076,0.7900703674745895,0.31614349775784756
0.5975786924939467,0.6699751861042184,0.763680387409201,0.7900703674745895,0.31614349775784756
0.5956416464891041,0.6761786600496278,0.7539951573849879,0.7900703674745895,0.31614349775784756
0.5941888619854722,0.6811414392059554,0.7467312348668281,0.7888975762314308,0.31614349775784756
0.5927360774818402,0.684863523573201,0.7375302663438257,0.7888975762314308,0.31614349775784756
0.5907990314769975,0.6885856079404467,0.7302663438256659,0.7888975762314308,0.31614349775784756
0.5893462469733656,0.6935483870967742,0.723002421307506,0.7888975762314308,0.31614349775784756
0.5878934624697336,0.6935483870967742,0.7167070217917676,0.7888975762314308,0.31614349775784756
0.585956416464891,0.6985111662531017,0.7084745762711865,0.7888975762314308,0.31614349775784756
0.5845036319612591,0.7022332506203474,0.7026634382566586,0.7888975762314308,0.31614349775784756
0.5830508474576271,0.7022332506203474,0.6958837772397094,0.7888975762314308,0.31614349775784756
0.5815980629539952,0.705955334987593,0.6886198547215496,0.7888975762314308,0.31614349775784756
0.5815980629539952,0.705955334987593,0.6847457627118644,0.7888975762314308,0.31614349775784756
0.5791767554479419,0.7096774193548387,0.676997578692494,0.7888975762314308,0.31614349775784756
0.5757869249394673,0.7096774193548387,0.6682808716707022,0.7888975762314308,0.31614349775784756
0.5743341404358353,0.7096774193548387,0.6610169491525424,0.7888975762314308,0.31614349775784756
0.5728813559322034,0.7133995037220844,0.6527845036319613,0.7888975762314308,0.31614349775784756
0.5699757869249394,0.7133995037220844,0.6460048426150121,0.7888975762314308,0.31614349775784756
0.5685230024213075,0.7133995037220844,0.6401937046004843,0.7888975762314308,0.31614349775784756
0.5665859564164649,0.7133995037220844,0.6329297820823244,0.7888975762314308,0.31614349775784756
0.563680387409201,0.7133995037220844,0.625181598062954,0.7888975762314308,0.31614349775784756
0.5622276029055691,0.7133995037220844,0.6174334140435835,0.7888975762314308,0.31614349775784756
0.559322033898305,0.7133995037220844,0.611138014527845,0.7888975762314308,0.31614349775784756
0.5564164648910411,0.7133995037220844,0.6043583535108958,0.7888975762314308,0.31614349775784756
0.5549636803874092,0.7133995037220844,0.5946731234866828,0.7888975762314308,0.31614349775784756
0.5535108958837772,0.7133995037220844,0.5869249394673124,0.7888975762314308,0.31614349775784756
0.5520581113801453,0.7096774193548387,0.5796610169491525,0.7888975762314308,0.31614349775784756
0.5491525423728814,0.7096774193548387,0.5709443099273608,0.7888975762314308,0.31614349775784756
0.5476997578692494,0.7096774193548387,0.560774818401937,0.7888975762314308,0.31614349775784756
0.5462469733656174,0.7096774193548387,0.553995157384988,0.7888975762314308,0.31614349775784756
0.5433414043583535,0.7096774193548387,0.5443099273607748,0.7888975762314308,0.31614349775784756
0.5418886198547216,0.7096774193548387,0.5351089588377724,0.7888975762314308,0.31614349775784756
0.5404358353510896,0.7096774193548387,0.5278450363196125,0.7888975762314308,0.31614349775784756
0.5375302663438256,0.7096774193548387,0.5220338983050847,0.7888975762314308,0.31614349775784756
0.5351089588377724,0.7096774193548387,0.5171912832929783,0.7888975762314308,0.31614349775784756
0.5351089588377724,0.7096774193548387,0.5089588377723971,0.7888975762314308,0.31614349775784756
0.5322033898305085,0.7133995037220844,0.5031476997578692,0.7888975762314308,0.31614349775784756
0.5307506053268766,0.7133995037220844,0.49782082324455207,0.7888975762314308,0.31614349775784756
0.5278450363196125,0.7133995037220844,0.4944309927360775,0.7888975762314308,0.31614349775784756
0.5263922518159806,0.7133995037220844,0.49055690072639224,0.7888975762314308,0.31614349775784756
0.5249394673123486,0.7133995037220844,0.4857142857142857,0.7888975762314308,0.31614349775784756
0.5234866828087167,0.7133995037220844,0.48184019370460046,0.7888975762314308,0.31614349775784756
0.5220338983050847,0.71712158808933,0.4799031476997579,0.7900703674745895,0.31614349775784756
0.5220338983050847,0.71712158808933,0.4799031476997579,0.7900703674745895,0.31614349775784756
0.5171912832929783,0.71712158808933,0.4711864406779661,0.7900703674745895,0.31614349775784756
0.5171912832929783,0.71712158808933,0.4711864406779661,0.7900703674745895,0.31614349775784756
0.5142857142857142,0.71712158808933,0.46150121065375305,0.7900703674745895,0.31614349775784756
0.5113801452784503,0.71712158808933,0.45617433414043584,0.7900703674745895,0.31614349775784756
0.5113801452784503,0.71712158808933,0.45278450363196127,0.7900703674745895,0.31614349775784756
0.5099273607748184,0.71712158808933,0.44455205811138016,0.7900703674745895,0.31614349775784756
0.5070217917675545,0.7133995037220844,0.437772397094431,0.7900703674745895,0.31614349775784756
0.5055690072639225,0.7133995037220844,0.43099273607748184,0.7900703674745895,0.31614349775784756
0.5041162227602906,0.7133995037220844,0.4261501210653753,0.7900703674745895,0.31614349775784756
0.5026634382566586,0.7133995037220844,0.41694915254237286,0.7900703674745895,0.31614349775784756
0.5026634382566586,0.7133995037220844,0.41694915254237286,0.7900703674745895,0.31614349775784756
0.500726392251816,0.7096774193548387,0.4043583535108959,0.7900703674745895,0.31614349775784756
0.499273607748184,0.7096774193548387,0.398547215496368,0.7900703674745895,0.31614349775784756
0.49782082324455207,0.7096774193548387,0.39128329297820824,0.7900703674745895,0.31614349775784756
0.4963680387409201,0.7096774193548387,0.38547215496368037,0.7900703674745895,0.31614349775784756
0.4963680387409201,0.7096774193548387,0.3786924939467312,0.7900703674745895,0.31614349775784756
0.49491525423728816,0.7096774193548387,0.3704600484261501,0.7900703674745895,0.31614349775784756
0.49346246973365615,0.7096774193548387,0.36271186440677966,0.7900703674745895,0.31614349775784756
0.49346246973365615,0.7096774193548387,0.35544794188861983,0.7900703674745895,0.31614349775784756
0.4920096852300242,0.7096774193548387,0.3476997578692494,0.7900703674745895,0.31614349775784756
0.4920096852300242,0.7096774193548387,0.34092009685230024,0.7900703674745895,0.31614349775784756
0.49055690072639224,0.7096774193548387,0.3331719128329298,0.7900703674745895,0.31614349775784756
0.4891041162227603,0.7096774193548387,0.3254237288135593,0.7900703674745895,0.31614349775784756
0.48765133171912833,0.705955334987593,0.32009685230024215,0.7900703674745895,0.31614349775784756
0.4861985472154964,0.705955334987593,0.30653753026634384,0.7900703674745895,0.31614349775784756
0.4847457627118644,0.7009925558312655,0.29878934624697334,0.7900703674745895,0.31614349775784756
0.4847457627118644,0.7009925558312655,0.2900726392251816,0.7912431587177482,0.31614349775784756
0.48329297820823247,0.6972704714640199,0.28329297820823246,0.7912431587177482,0.31614349775784756
0.48329297820823247,0.6898263027295285,0.2721549636803874,0.7924159499609069,0.31614349775784756
0.48135593220338985,0.684863523573201,0.262953995157385,0.7935887412040656,0.31614349775784756
0.48135593220338985,0.6774193548387096,0.2547215496368039,0.7947615324472244,0.31614349775784756
0.4799031476997579,0.673697270471464,0.24939467312348668,0.7947615324472244,0.31614349775784756
0.4799031476997579,0.6625310173697271,0.24019370460048425,0.7971071149335418,0.31614349775784756
0.4799031476997579,0.6575682382133995,0.23680387409200968,0.7971071149335418,0.31614349775784756
0.4784503631961259,0.6488833746898263,0.23002421307506055,0.7998436278342455,0.31614349775784756
0.4784503631961259,0.6389578163771712,0.22469733656174334,0.8010164190774042,0.31614349775784756
0.4784503631961259,0.6290322580645161,0.22130750605326877,0.8021892103205629,0.31614349775784756
0.4784503631961259,0.6215880893300249,0.21840193704600483,0.8045347928068803,0.31614349775784756
0.4784503631961259,0.6129032258064516,0.21646489104116223,0.8057075840500391,0.31614349775784756
0.4784503631961259,0.6042183622828784,0.2145278450363196,0.8084440969507428,0.31614349775784756
0.4784503631961259,0.5955334987593052,0.2116222760290557,0.8107896794370602,0.31614349775784756
0.4784503631961259,0.5843672456575683,0.21016949152542372,0.8131352619233776,0.31614349775784756
0.4784503631961259,0.5806451612903226,0.20871670702179176,0.8146989835809226,0.31614349775784756
0.4784503631961259,0.5620347394540943,0.20435835351089587,0.8201720093823299,0.31614349775784756
0.4784503631961259,0.5620347394540943,0.20435835351089587,0.8201720093823299,0.31614349775784756
0.4784503631961259,0.5570719602977667,0.20290556900726392,0.8213448006254886,0.31614349775784756
0.4784503631961259,0.5459057071960298,0.20145278450363197,0.8236903831118061,0.31614349775784756
0.4784503631961259,0.5384615384615384,0.2,0.8248631743549648,0.31614349775784756
0.4784503631961259,0.5347394540942928,0.19854721549636803,0.8264268960125097,0.31614349775784756
0.4784503631961259,0.5272952853598015,0.19564164648910412,0.8275996872556685,0.31614349775784756
0.4784503631961259,0.5235732009925558,0.19418886198547217,0.8287724784988272,0.31614349775784756
0.4784503631961259,0.5198511166253101,0.19273607748184018,0.8303362001563722,0.31614349775784756
0.4784503631961259,0.5161290322580645,0.19128329297820823,0.8315089913995309,0.31614349775784756
0.4784503631961259,0.5161290322580645,0.18983050847457628,0.8315089913995309,0.31614349775784756
0.4784503631961259,0.5161290322580645,0.18983050847457628,0.8326817826426895,0.31614349775784756
0.4784503631961259,0.5161290322580645,0.18983050847457628,0.8326817826426895,0.31614349775784756
0.4784503631961259,0.5161290322580645,0.18983050847457628,0.8338545738858483,0.31614349775784756
0.4784503631961259,0.5161290322580645,0.18983050847457628,0.835027365129007,0.31614349775784756
0.4784503631961259,0.5161290322580645,0.18983050847457628,0.835027365129007,0.31614349775784756
0.4784503631961259,0.5161290322580645,0.19128329297820823,0.8362001563721657,0.31614349775784756
0.4784503631961259,0.5198511166253101,0.19322033898305085,0.8362001563721657,0.31614349775784756
0.4784503631961259,0.5198511166253101,0.19515738498789345,0.8373729476153244,0.31614349775784756
0.4784503631961259,0.5235732009925558,0.19854721549636803,0.8373729476153244,0.31614349775784756
0.4784503631961259,0.5285359801488834,0.20387409200968523,0.8385457388584832,0.31614349775784756
0.4784503631961259,0.533498759305211,0.20871670702179176,0.8385457388584832,0.31614349775784756
0.4784503631961259,0.5372208436724566,0.21404358353510897,0.8385457388584832,0.31614349775784756
0.4784503631961259,0.5459057071960298,0.2179176755447942,0.8385457388584832,0.31614349775784756
0.4784503631961259,0.5496277915632755,0.22372881355932203,0.8385457388584832,0.31614349775784756
0.4784503631961259,0.5570719602977667,0.2305084745762712,0.8385457388584832,0.31614349775784756
0.4784503631961259,0.5645161290322581,0.23631961259079903,0.8385457388584832,0.31614349775784756
0.4784503631961259,0.5719602977667494,0.24261501210653752,0.8385457388584832,0.31614349775784756
0.4784503631961259,0.5769230769230769,0.24455205811138014,0.8385457388584832,0.31614349775784756
0.4784503631961259,0.5856079404466501,0.25375302663438254,0.8385457388584832,0.31614349775784756
0.4784503631961259,0.5930521091811415,0.26101694915254237,0.8385457388584832,0.31614349775784756
0.4784503631961259,0.6017369727047146,0.2677966101694915,0.8385457388584832,0.31614349775784756
0.4784503631961259,0.6104218362282878,0.2731234866828087,0.8385457388584832,0.31614349775784756
0.4784503631961259,0.6153846153846154,0.27893462469733654,0.8385457388584832,0.31614349775784756
0.4784503631961259,0.6240694789081885,0.2857142857142857,0.8385457388584832,0.31614349775784756
0.4784503631961259,0.6290322580645161,0.29200968523002424,0.8385457388584832,0.31614349775784756
0.4784503631961259,0.6377171215880894,0.2983050847457627,0.8385457388584832,0.31614349775784756
0.4784503631961259,0.641439205955335,0.30363196125907993,0.8385457388584832,0.31614349775784756
0.4784503631961259,0.641439205955335,0.30653753026634384,0.8385457388584832,0.31614349775784756
0.4784503631961259,0.6513647642679901,0.31476997578692495,0.8385457388584832,0.31614349775784756
0.4784503631961259,0.6550868486352357,0.3196125907990315,0.8385457388584832,0.31614349775784756
0.4799031476997579,0.6588089330024814,0.3254237288135593,0.8385457388584832,0.31614349775784756
0.4799031476997579,0.6625310173697271,0.33123486682808717,0.8385457388584832,0.31614349775784756
0.4799031476997579,0.6662531017369727,0.3360774818401937,0.8385457388584832,0.31614349775784756
0.48135593220338985,0.6699751861042184,0.3418886198547216,0.8385457388584832,0.31614349775784756
0.48329297820823247,0.673697270471464,0.3486682808716707,0.8385457388584832,0.31614349775784756
0.48523002421307504,0.6774193548387096,0.3530266343825666,0.8385457388584832,0.31614349775784756
0.488135593220339,0.6774193548387096,0.35980629539951575,0.8385457388584832,0.31614349775784756
0.48958837772397096,0.6811414392059554,0.36513317191283295,0.8385457388584832,0.31614349775784756
0.4910411622276029,0.6811414392059554,0.3694915254237288,0.8385457388584832,0.31614349775784756
0.4910411622276029,0.684863523573201,0.374818401937046,0.8385457388584832,0.31614349775784756
0.49346246973365615,0.684863523573201,0.3782082324455206,0.8385457388584832,0.31614349775784756
0.49491525423728816,0.6885856079404467,0.38498789346246975,0.8385457388584832,0.31614349775784756
0.4963680387409201,0.6885856079404467,0.38886198547215495,0.8385457388584832,0.31614349775784756
0.49782082324455207,0.6923076923076923,0.39709443099273606,0.8385457388584832,0.31614349775784756
0.499273607748184,0.6923076923076923,0.401452784503632,0.8385457388584832,0.31614349775784756
0.500726392251816,0.6923076923076923,0.40823244552058113,0.8385457388584832,0.31614349775784756
0.502179176755448,0.6923076923076923,0.41404358353510895,0.8385457388584832,0.31614349775784756
0.5046004842615012,0.6923076923076923,0.41404358353510895,0.8385457388584832,0.31614349775784756
0.5060532687651331,0.6923076923076923,0.42566585956416464,0.8385457388584832,0.31614349775784756
0.5075060532687651,0.6923076923076923,0.4319612590799031,0.8385457388584832,0.31614349775784756
0.5089588377723971,0.6923076923076923,0.4387409200968523,0.8385457388584832,0.31614349775784756
0.5104116222760291,0.6923076923076923,0.4450363196125908,0.8385457388584832,0.31614349775784756
0.511864406779661,0.6923076923076923,0.45036319612590797,0.8385457388584832,0.31614349775784756
0.513317191283293,0.6923076923076923,0.45375302663438255,0.8385457388584832,0.31614349775784756
0.5157384987893463,0.6923076923076923,0.4610169491525424,0.8385457388584832,0.31614349775784756
0.5171912832929783,0.6923076923076923,0.4658595641646489,0.8385457388584832,0.31614349775784756
0.5186440677966102,0.6923076923076923,0.47070217917675544,0.8385457388584832,0.31614349775784756
0.5200968523002422,0.6923076923076923,0.4765133171912833,0.8385457388584832,0.31614349775784756
0.5215496368038741,0.6923076923076923,0.4803874092009685,0.8385457388584832,0.31614349775784756
0.5230024213075061,0.6885856079404467,0.4861985472154964,0.8385457388584832,0.31614349775784756
0.5230024213075061,0.6885856079404467,0.49007263922518157,0.8385457388584832,0.31614349775784756
0.5230024213075061,0.6885856079404467,0.4953995157384988,0.8385457388584832,0.31614349775784756
0.5230024213075061,0.6885856079404467,0.49878934624697335,0.8385457388584832,0.31614349775784756
0.5230024213075061,0.684863523573201,0.502179176755448,0.8385457388584832,0.31614349775784756
0.5230024213075061,0.684863523573201,0.5050847457627119,0.8385457388584832,0.31614349775784756
0.5230024213075061,0.684863523573201,0.5099273607748184,0.8385457388584832,0.31614349775784756
0.5230024213075061,0.684863523573201,0.5113801452784503,0.8385457388584832,0.31614349775784756
0.5230024213075061,0.684863523573201,0.5142857142857142,0.8385457388584832,0.31614349775784756
0.5230024213075061,0.684863523573201,0.5176755447941889,0.8385457388584832,0.31614349775784756
0.5230024213075061,0.684863523573201,0.5191283292978208,0.8385457388584832,0.31614349775784756
0.5230024213075061,0.684863523573201,0.5205811138014528,0.8385457388584832,0.31614349775784756
0.5230024213075061,0.684863523573201,0.5234866828087167,0.8385457388584832,0.31614349775784756
0.5230024213075061,0.684863523573201,0.5234866828087167,0.8385457388584832,0.31614349775784756
0.524455205811138,0.684863523573201,0.5249394673123486,0.8385457388584832,0.31614349775784756
0.524455205811138,0.684863523573201,0.5263922518159806,0.8385457388584832,0.31614349775784756
0.524455205811138,0.684863523573201,0.5263922518159806,0.8385457388584832,0.31614349775784756
0.524455205811138,0.684863523573201,0.5263922518159806,0.8385457388584832,0.31614349775784756
0.524455205811138,0.684863523573201,0.5263922518159806,0.8385457388584832,0.31614349775784756
0.524455205811138,0.684863523573201,0.5278450363196125,0.8385457388584832,0.31614349775784756
0.524455205811138,0.684863523573201,0.5278450363196125,0.8373729476153244,0.31614349775784756
0.524455205811138,0.684863523573201,0.5278450363196125,0.8373729476153244,0.31614349775784756
0.524455205811138,0.684863523573201,0.5278450363196125,0.8346364347146208,0.31614349775784756
0.524455205811138,0.684863523573201,0.5278450363196125,0.8307271305707584,0.31614349775784756
0.524455205811138,0.684863523573201,0.5278450363196125,0.8279906176700548,0.31614349775784756
0.524455205811138,0.684863523573201,0.5263922518159806,0.8236903831118061,0.31614349775784756
0.524455205811138,0.684863523573201,0.5263922518159806,0.8197810789679437,0.31614349775784756
0.524455205811138,0.684863523573201,0.5249394673123486,0.815480844409695,0.31614349775784756
0.524455205811138,0.684863523573201,0.5234866828087167,0.8096168881939015,0.31614349775784756
0.524455205811138,0.684863523573201,0.5220338983050847,0.8057075840500391,0.31614349775784756
0.524455205811138,0.684863523573201,0.5205811138014528,0.7994526974198592,0.31614349775784756
0.524455205811138,0.684863523573201,0.5191283292978208,0.7951524628616107,0.31614349775784756
0.524455205811138,0.684863523573201,0.5176755447941889,0.7900703674745895,0.31614349775784756
0.524455205811138,0.684863523573201,0.5162227602905569,0.7845973416731822,0.31614349775784756
0.524455205811138,0.684863523573201,0.514769975786925,0.7787333854573886,0.31614349775784756
0.524455205811138,0.684863523573201,0.5128329297820823,0.772869429241595,0.31614349775784756
0.524455205811138,0.684863523573201,0.5113801452784503,0.7670054730258014,0.31614349775784756
0.524455205811138,0.684863523573201,0.5099273607748184,0.7634870992963253,0.31614349775784756
0.524455205811138,0.684863523573201,0.5084745762711864,0.7595777951524628,0.31614349775784756
0.524455205811138,0.684863523573201,0.5070217917675545,0.7541047693510555,0.31614349775784756
0.524455205811138,0.684863523573201,0.5055690072639225,0.7490226739640344,0.31614349775784756
0.524455205811138,0.684863523573201,0.5055690072639225,0.7458952306489445,0.31614349775784756
0.524455205811138,0.684863523573201,0.5041162227602906,0.7415949960906959,0.31614349775784756
0.524455205811138,0.684863523573201,0.5026634382566586,0.7372947615324472,0.31614349775784756
0.524455205811138,0.684863523573201,0.5012106537530266,0.733776387802971,0.31614349775784756
0.524455205811138,0.684863523573201,0.4997578692493947,0.72869429241595,0.31614349775784756
0.524455205811138,0.684863523573201,0.49782082324455207,0.7243940578577013,0.31614349775784756
0.524455205811138,0.6811414392059554,0.4963680387409201,0.7208756841282252,0.31614349775784756
0.524455205811138,0.6811414392059554,0.4963680387409201,0.7177482408131353,0.31614349775784756
0.524455205811138,0.6811414392059554,0.49491525423728816,0.7138389366692729,0.31614349775784756
0.524455205811138,0.6811414392059554,0.49491525423728816,0.7107114933541829,0.31614349775784756
0.524455205811138,0.6774193548387096,0.49491525423728816,0.7075840500390931,0.31614349775784756
0.524455205811138,0.6774193548387096,0.49346246973365615,0.7048475371383893,0.31614349775784756
0.524455205811138,0.6774193548387096,0.49346246973365615,0.7036747458952306,0.31614349775784756
0.524455205811138,0.6724565756823822,0.49491525423728816,0.7005473025801408,0.31614349775784756
0.524455205811138,0.6687344913151365,0.49491525423728816,0.6974198592650508,0.31614349775784756
0.524455205811138,0.6687344913151365,0.49491525423728816,0.6935105551211884,0.31614349775784756
0.524455205811138,0.6650124069478908,0.49491525423728816,0.6903831118060985,0.31614349775784756
0.524455205811138,0.6612903225806451,0.4963680387409201,0.6864738076622361,0.31614349775784756
0.524455205811138,0.6575682382133995,0.4963680387409201,0.6825645035183737,0.31614349775784756
0.524455205811138,0.6538461538461539,0.4963680387409201,0.6794370602032838,0.31614349775784756
0.524455205811138,0.6426799007444168,0.4963680387409201,0.671618451915559,0.31614349775784756
0.524455205811138,0.6426799007444168,0.4963680387409201,0.671618451915559,0.31614349775784756
0.524455205811138,0.6389578163771712,0.4963680387409201,0.6677091477716967,0.31614349775784756
0.524455205811138,0.6352357320099256,0.4963680387409201,0.664972634870993,0.31614349775784756
0.524455205811138,0.6315136476426799,0.4963680387409201,0.6614542611415168,0.31614349775784756
0.524455205811138,0.6240694789081885,0.4963680387409201,0.656763096168882,0.31614349775784756
0.524455205811138,0.6203473945409429,0.4963680387409201,0.6528537920250196,0.31614349775784756
0.524455205811138,0.6116625310173698,0.4963680387409201,0.6485535574667709,0.31614349775784756
0.524455205811138,0.607940446650124,0.4963680387409201,0.6458170445660673,0.31614349775784756
0.524455205811138,0.6004962779156328,0.49782082324455207,0.6434714620797498,0.31614349775784756
0.524455205811138,0.5967741935483871,0.49782082324455207,0.6419077404222049,0.31614349775784756
0.524455205811138,0.5893300248138957,0.499273607748184,0.6407349491790462,0.31614349775784756
0.524455205811138,0.5856079404466501,0.499273607748184,0.6395621579358874,0.31614349775784756
0.524455205811138,0.5781637717121588,0.499273607748184,0.6395621579358874,0.31614349775784756
0.524455205811138,0.5744416873449132,0.500726392251816,0.6383893666927287,0.31614349775784756
0.524455205811138,0.5632754342431762,0.500726392251816,0.63721657544957,0.31614349775784756
0.524455205811138,0.5632754342431762,0.500726392251816,0.63721657544957,0.31614349775784756
0.524455205811138,0.5545905707196029,0.502179176755448,0.6348709929632526,0.31614349775784756
0.524455205811138,0.5483870967741935,0.502179176755448,0.6336982017200938,0.31614349775784756
0.524455205811138,0.5409429280397022,0.502179176755448,0.6325254104769351,0.31614349775784756
0.524455205811138,0.5372208436724566,0.502179176755448,0.6301798279906177,0.31614349775784756
0.524455205811138,0.532258064516129,0.5036319612590799,0.6278342455043002,0.31614349775784756
0.524455205811138,0.532258064516129,0.5036319612590799,0.6235340109460517,0.31614349775784756
0.524455205811138,0.5285359801488834,0.5036319612590799,0.6196247068021892,0.31614349775784756
0.524455205811138,0.5248138957816377,0.5036319612590799,0.6153244722439406,0.31614349775784756
0.524455205811138,0.5248138957816377,0.5036319612590799,0.6110242376856919,0.31614349775784756
0.524455205811138,0.5210918114143921,0.5036319612590799,0.6078967943706021,0.31614349775784756
0.524455205811138,0.5210918114143921,0.5036319612590799,0.6000781860828772,0.31614349775784756
0.524455205811138,0.5210918114143921,0.5036319612590799,0.5930414386239249,0.31614349775784756
0.524455205811138,0.5173697270471465,0.5036319612590799,0.5875684128225176,0.31614349775784756
0.524455205811138,0.5173697270471465,0.5036319612590799,0.5805316653635653,0.31614349775784756
0.524455205811138,0.5173697270471465,0.5036319612590799,0.5738858483189992,0.31614349775784756
0.524455205811138,0.5173697270471465,0.5036319612590799,0.5648944487881157,0.31614349775784756
0.524455205811138,0.5223325062034739,0.5036319612590799,0.5594214229867084,0.31614349775784756
0.524455205811138,0.5223325062034739,0.5036319612590799,0.5476935105551212,0.31614349775784756
0.524455205811138,0.5223325062034739,0.5036319612590799,0.5406567630961688,0.31614349775784756
0.524455205811138,0.5260545905707196,0.5036319612590799,0.5320562939796716,0.31614349775784756
0.524455205811138,0.5260545905707196,0.5036319612590799,0.5234558248631743,0.31614349775784756
0.524455205811138,0.5260545905707196,0.5036319612590799,0.5172009382329945,0.31614349775784756
0.524455205811138,0.5260545905707196,0.5036319612590799,0.509773260359656,0.31614349775784756
0.524455205811138,0.5260545905707196,0.5050847457627119,0.50312744331509,0.31614349775784756
0.524455205811138,0.5260545905707196,0.5050847457627119,0.5,0.31614349775784756
0.524455205811138,0.5260545905707196,0.5050847457627119,0.49257232212666147,0.31614349775784756
0.524455205811138,0.5260545905707196,0.5065375302663438,0.4890539483971853,0.31614349775784756
0.524455205811138,0.5260545905707196,0.5065375302663438,0.48670836591086786,0.31614349775784756
0.524455205811138,0.5297766749379652,0.5065375302663438,0.4843627834245504,0.31614349775784756
0.524455205811138,0.5297766749379652,0.5079903147699758,0.48201720093823297,0.31614349775784756
0.524455205811138,0.5297766749379652,0.5079903147699758,0.4796716184519156,0.312780269058296
0.524455205811138,0.5297766749379652,0.5099273607748184,0.47771696637998434,0.312780269058296
0.524455205811138,0.5297766749379652,0.5099273607748184,0.4765441751368256,0.312780269058296
0.524455205811138,0.5297766749379652,0.5099273607748184,0.4765441751368256,0.312780269058296
0.524455205811138,0.5297766749379652,0.5113801452784503,0.473807662236122,0.3094170403587444
0.524455205811138,0.5297766749379652,0.5113801452784503,0.47263487099296325,0.3060538116591928
0.524455205811138,0.533498759305211,0.5128329297820823,0.47263487099296325,0.3060538116591928
0.524455205811138,0.533498759305211,0.5128329297820823,0.47146207974980453,0.3060538116591928
0.524455205811138,0.533498759305211,0.5142857142857142,0.47146207974980453,0.3060538116591928
0.524455205811138,0.533498759305211,0.5142857142857142,0.47146207974980453,0.3060538116591928
0.524455205811138,0.5372208436724566,0.5157384987893463,0.47146207974980453,0.3060538116591928
0.524455205811138,0.5372208436724566,0.5157384987893463,0.47146207974980453,0.3060538116591928
0.524455205811138,0.5409429280397022,0.5171912832929783,0.47146207974980453,0.3060538116591928
0.524455205811138,0.5409429280397022,0.5186440677966102,0.47146207974980453,0.3060538116591928
0.524455205811138,0.5446650124069479,0.5200968523002422,0.47146207974980453,0.3060538116591928
0.524455205811138,0.5446650124069479,0.5215496368038741,0.47146207974980453,0.3060538116591928
0.524455205811138,0.5483870967741935,0.5230024213075061,0.47146207974980453,0.3060538116591928
0.524455205811138,0.5483870967741935,0.5249394673123486,0.47146207974980453,0.3060538116591928
0.524455205811138,0.5483870967741935,0.5278450363196125,0.47146207974980453,0.3060538116591928
0.524455205811138,0.5521091811414393,0.5292978208232445,0.47146207974980453,0.3060538116591928
0.524455205811138,0.5521091811414393,0.5312348668280872,0.47146207974980453,0.3060538116591928
0.524455205811138,0.5521091811414393,0.5331719128329298,0.47146207974980453,0.3060538116591928
0.524455205811138,0.5521091811414393,0.5360774818401937,0.47146207974980453,0.3060538116591928
0.524455205811138,0.5521091811414393,0.5389830508474577,0.47146207974980453,0.3060538116591928
0.524455205811138,0.5521091811414393,0.5404358353510896,0.47146207974980453,0.3060538116591928
0.524455205811138,0.5521091811414393,0.5433414043583535,0.47146207974980453,0.3060538116591928
0.524455205811138,0.5521091811414393,0.5462469733656174,0.47146207974980453,0.3060538116591928
0.524455205811138,0.5521091811414393,0.5491525423728814,0.47146207974980453,0.3060538116591928
0.524455205811138,0.5521091811414393,0.5510895883777239,0.47146207974980453,0.3060538116591928
0.524455205811138,0.5521091811414393,0.5525423728813559,0.4698983580922596,0.3060538116591928
0.524455205811138,0.5521091811414393,0.5559322033898305,0.4698983580922596,0.3094170403587444
0.524455205811138,0.5521091811414393,0.5573849878934625,0.4687255668491009,0.3094170403587444
0.524455205811138,0.5521091811414393,0.559322033898305,0.46755277560594216,0.3094170403587444
0.524455205811138,0.5521091811414393,0.560774818401937,0.46755277560594216,0.312780269058296
0.524455205811138,0.5521091811414393,0.560774818401937,0.46637998436278344,0.312780269058296
0.524455205811138,0.5521091811414393,0.5622276029055691,0.4652071931196247,0.312780269058296
0.524455205811138,0.5521091811414393,0.563680387409201,0.4652071931196247,0.31614349775784756
0.524455205811138,0.5521091811414393,0.563680387409201,0.464034401876466,0.31614349775784756
0.524455205811138,0.5521091811414393,0.563680387409201,0.464034401876466,0.3195067264573991
0.524455205811138,0.5521091811414393,0.565133171912833,0.4628616106333073,0.32286995515695066
0.524455205811138,0.5521091811414393,0.5665859564164649,0.4628616106333073,0.32847533632286996
0.524455205811138,0.5521091811414393,0.5665859564164649,0.46168881939014855,0.3329596412556054
0.524455205811138,0.5521091811414393,0.5665859564164649,0.46168881939014855,0.336322869955157
0.524455205811138,0.5521091811414393,0.5665859564164649,0.46168881939014855,0.34417040358744394
0.524455205811138,0.5521091811414393,0.5665859564164649,0.46168881939014855,0.3486547085201794
0.524455205811138,0.5521091811414393,0.5665859564164649,0.46051602814698983,0.35650224215246634
0.524455205811138,0.5521091811414393,0.5665859564164649,0.46051602814698983,0.3632286995515695
0.524455205811138,0.5521091811414393,0.5665859564164649,0.46051602814698983,0.37331838565022424
0.524455205811138,0.5521091811414393,0.5665859564164649,0.4593432369038311,0.3890134529147982
0.524455205811138,0.5521091811414393,0.5665859564164649,0.4593432369038311,0.40022421524663676
0.524455205811138,0.5521091811414393,0.5665859564164649,0.4593432369038311,0.4192825112107623
0.524455205811138,0.5521091811414393,0.5665859564164649,0.4593432369038311,0.4349775784753363
0.524455205811138,0.5521091811414393,0.5665859564164649,0.4593432369038311,0.44730941704035876
0.524455205811138,0.5521091811414393,0.565133171912833,0.4593432369038311,0.46524663677130046
0.524455205811138,0.5521091811414393,0.565133171912833,0.4593432369038311,0.4798206278026906
0.524455205811138,0.5521091811414393,0.565133171912833,0.4593432369038311,0.4943946188340807
0.524455205811138,0.5521091811414393,0.563680387409201,0.4593432369038311,0.5044843049327354
0.524455205811138,0.5521091811414393,0.563680387409201,0.4593432369038311,0.5201793721973094
0.524455205811138,0.5521091811414393,0.563680387409201,0.4593432369038311,0.5325112107623319
0.524455205811138,0.5521091811414393,0.563680387409201,0.4593432369038311,0.5414798206278026
0.524455205811138,0.5521091811414393,0.563680387409201,0.4593432369038311,0.5538116591928252
0.524455205811138,0.5521091811414393,0.563680387409201,0.4593432369038311,0.5672645739910314
0.524455205811138,0.5521091811414393,0.5622276029055691,0.4593432369038311,0.5751121076233184
0.524455205811138,0.5521091811414393,0.5622276029055691,0.4593432369038311,0.5919282511210763
0.524455205811138,0.5521091811414393,0.5622276029055691,0.4593432369038311,0.600896860986547
0.524455205811138,0.5521091811414393,0.5622276029055691,0.4593432369038311,0.6121076233183856
0.524455205811138,0.5521091811414393,0.5622276029055691,0.4593432369038311,0.6121076233183856
0.524455205811138,0.5521091811414393,0.5622276029055691,0.4593432369038311,0.6356502242152466
0.524455205811138,0.5521091811414393,0.5622276029055691,0.4593432369038311,0.649103139013453
0.524455205811138,0.5521091811414393,0.5622276029055691,0.4593432369038311,0.6614349775784754
0.524455205811138,0.5521091811414393,0.5622276029055691,0.4593432369038311,0.6748878923766816
0.524455205811138,0.5521091811414393,0.5622276029055691,0.4593432369038311,0.6860986547085202
0.524455205811138,0.5521091811414393,0.5622276029055691,0.4593432369038311,0.6961883408071748
0.524455205811138,0.5521091811414393,0.5622276029055691,0.4593432369038311,0.7141255605381166
0.52590799031477,0.5521091811414393,0.5622276029055691,0.4593432369038311,0.7275784753363229
0.52590799031477,0.5521091811414393,0.5622276029055691,0.4593432369038311,0.7443946188340808
0.52590799031477,0.5521091811414393,0.5622276029055691,0.4593432369038311,0.7567264573991032
0.52590799031477,0.5521091811414393,0.5622276029055691,0.4593432369038311,0.7724215246636771
0.52590799031477,0.5521091811414393,0.5622276029055691,0.4593432369038311,0.7914798206278026
0.52590799031477,0.5521091811414393,0.5622276029055691,0.4593432369038311,0.8082959641255605
0.52590799031477,0.5521091811414393,0.5622276029055691,0.4593432369038311,0.8239910313901345
0.52590799031477,0.5521091811414393,0.5622276029055691,0.4593432369038311,0.8385650224215246
0.52590799031477,0.5521091811414393,0.5622276029055691,0.46051602814698983,0.8531390134529148
0.52590799031477,0.5521091811414393,0.5622276029055691,0.46051602814698983,0.8688340807174888
0.52590799031477,0.5521091811414393,0.5622276029055691,0.46051602814698983,0.8834080717488789
0.52590799031477,0.5521091811414393,0.5622276029055691,0.46051602814698983,0.8890134529147982
0.52590799031477,0.5521091811414393,0.5622276029055691,0.46051602814698983,0.905829596412556
0.52590799031477,0.5521091811414393,0.5622276029055691,0.46168881939014855,0.9159192825112108
0.52590799031477,0.5521091811414393,0.5622276029055691,0.46168881939014855,0.9282511210762332
0.52590799031477,0.5521091811414393,0.5622276029055691,0.46168881939014855,0.9405829596412556
0.52590799031477,0.5521091811414393,0.560774818401937,0.46168881939014855,0.945067264573991
0.52590799031477,0.5521091811414393,0.560774818401937,0.46168881939014855,0.9551569506726457
0.52590799031477,0.5521091811414393,0.559322033898305,0.46168881939014855,0.9596412556053812
0.52590799031477,0.5521091811414393,0.5578692493946731,0.46168881939014855,0.9630044843049327
0.52590799031477,0.5521091811414393,0.5549636803874092,0.46168881939014855,0.9663677130044843
0.52590799031477,0.5521091811414393,0.5535108958837772,0.46168881939014855,0.9663677130044843
0.52590799031477,0.5521091811414393,0.5520581113801453,0.46168881939014855,0.9663677130044843
0.52590799031477,0.5521091811414393,0.5506053268765133,0.46168881939014855,0.9663677130044843
0.52590799031477,0.5521091811414393,0.5491525423728814,0.46168881939014855,0.9663677130044843
0.52590799031477,0.5521091811414393,0.5476997578692494,0.46168881939014855,0.9663677130044843
0.52590799031477,0.5521091811414393,0.5476997578692494,0.46012509773260357,0.9663677130044843
0.52590799031477,0.5521091811414393,0.5476997578692494,0.4589523064894449,0.9663677130044843
0.52590799031477,0.5521091811414393,0.5476997578692494,0.4577795152462862,0.9663677130044843
0.52590799031477,0.5521091811414393,0.5476997578692494,0.45660672400312746,0.9663677130044843
0.52590799031477,0.5521091811414393,0.5476997578692494,0.45543393275996874,0.9663677130044843
0.52590799031477,0.5521091811414393,0.5476997578692494,0.45269741985926504,0.9663677130044843
0.52590799031477,0.5521091811414393,0.5476997578692494,0.4503518373729476,0.9663677130044843
0.52590799031477,0.5521091811414393,0.5476997578692494,0.4472243940578577,0.9663677130044843
0.52590799031477,0.5521091811414393,0.5476997578692494,0.44487881157154024,0.9663677130044843
0.52590799031477,0.5521091811414393,0.5476997578692494,0.44136043784206413,0.9663677130044843
0.52590799031477,0.5521091811414393,0.5476997578692494,0.4382329945269742,0.9663677130044843
0.52590799031477,0.5521091811414393,0.5476997578692494,0.43354182955433934,0.9663677130044843
0.52590799031477,0.5521091811414393,0.5476997578692494,0.43080531665363564,0.9663677130044843
0.52590799031477,0.5521091811414393,0.5476997578692494,0.426505082095387,0.9663677130044843
0.52590799031477,0.5521091811414393,0.5476997578692494,0.4233776387802971,0.9663677130044843
0.52590799031477,0.5521091811414393,0.5476997578692494,0.41985926505082094,0.9663677130044843
0.52590799031477,0.5521091811414393,0.5476997578692494,0.4171227521501173,0.9663677130044843
0.52590799031477,0.5521091811414393,0.5476997578692494,0.41594996090695857,0.9663677130044843
0.52590799031477,0.5521091811414393,0.5476997578692494,0.41477716966379985,0.9663677130044843
0.52590799031477,0.5521091811414393,0.5476997578692494,0.41477716966379985,0.9663677130044843
0.52590799031477,0.5521091811414393,0.5476997578692494,0.41477716966379985,0.9663677130044843
0.52590799031477,0.5521091811414393,0.5476997578692494,0.41477716966379985,0.9663677130044843
0.52590799031477,0.5521091811414393,0.5476997578692494,0.41594996090695857,0.9663677130044843
0.52590799031477,0.5521091811414393,0.5476997578692494,0.4171227521501173,0.9663677130044843
0.52590799031477,0.5521091811414393,0.5476997578692494,0.41946833463643474,0.9663677130044843
0.52590799031477,0.5521091811414393,0.5476997578692494,0.42064112587959346,0.9663677130044843
0.52590799031477,0.5521091811414393,0.5476997578692494,0.42298670836591085,0.9663677130044843
0.52590799031477,0.5521091811414393,0.5476997578692494,0.4253322908522283,0.9663677130044843
0.52590799031477,0.5521091811414393,0.5476997578692494,0.42689601250977327,0.9630044843049327
0.52590799031477,0.5521091811414393,0.5462469733656174,0.4292415949960907,0.9630044843049327
0.52590799031477,0.5471464019851117,0.5462469733656174,0.43080531665363564,0.9630044843049327
0.52590799031477,0.5471464019851117,0.5447941888619855,0.43354182955433934,0.9630044843049327
0.52590799031477,0.5471464019851117,0.5447941888619855,0.43471462079749806,0.9630044843049327
0.52590799031477,0.5471464019851117,0.5433414043583535,0.43471462079749806,0.9630044843049327
0.52590799031477,0.5471464019851117,0.5418886198547216,0.4358874120406568,0.9630044843049327
0.52590799031477,0.5471464019851117,0.5418886198547216,0.4358874120406568,0.9596412556053812
0.52590799031477,0.5471464019851117,0.5399515738498789,0.4370602032838155,0.9596412556053812
0.52590799031477,0.543424317617866,0.537046004842615,0.4382329945269742,0.9562780269058296
0.52590799031477,0.543424317617866,0.535593220338983,0.4382329945269742,0.952914798206278
0.52590799031477,0.543424317617866,0.5341404358353511,0.4394057857701329,0.9495515695067265
0.52590799031477,0.543424317617866,0.5341404358353511,0.44175136825645034,0.9461883408071748
0.52590799031477,0.543424317617866,0.5341404358353511,0.44292415949960906,0.9461883408071748
0.52590799031477,0.543424317617866,0.5341404358353511,0.4440969507427678,0.9428251121076233
0.52590799031477,0.543424317617866,0.5341404358353511,0.44566067240031276,0.9428251121076233
0.52590799031477,0.543424317617866,0.5341404358353511,0.4480062548866302,0.9394618834080718
0.52590799031477,0.543424317617866,0.5341404358353511,0.4491790461297889,0.9360986547085202
0.52590799031477,0.543424317617866,0.5341404358353511,0.4503518373729476,0.9316143497757847
0.52590799031477,0.543424317617866,0.5341404358353511,0.4515246286161063,0.9282511210762332
0.52590799031477,0.543424317617866,0.5341404358353511,0.45387021110242376,0.9204035874439462
0.52590799031477,0.543424317617866,0.5341404358353511,0.4550430023455825,0.9136771300448431
0.52590799031477,0.543424317617866,0.5341404358353511,0.4562157935887412,0.905829596412556
0.52590799031477,0.543424317617866,0.5341404358353511,0.4573885848318999,0.8957399103139013
0.52590799031477,0.543424317617866,0.5341404358353511,0.45856137607505865,0.8845291479820628
0.52590799031477,0.543424317617866,0.5341404358353511,0.45973416731821737,0.874439461883408
0.52590799031477,0.543424317617866,0.5341404358353511,0.4609069585613761,0.8665919282511211
0.52590799031477,0.543424317617866,0.5341404358353511,0.46325254104769353,0.8497757847533632
0.52590799031477,0.5397022332506204,0.5341404358353511,0.46325254104769353,0.8408071748878924
0.52590799031477,0.5397022332506204,0.5341404358353511,0.46481626270523846,0.8239910313901345
0.52590799031477,0.5397022332506204,0.5341404358353511,0.4659890539483972,0.8082959641255605
0.52590799031477,0.5359801488833746,0.5341404358353511,0.4659890539483972,0.7937219730941704
0.52590799031477,0.5359801488833746,0.5341404358353511,0.4659890539483972,0.7825112107623319
0.52590799031477,0.5359801488833746,0.5341404358353511,0.4659890539483972,0.7690582959641256
0.52590799031477,0.532258064516129,0.5341404358353511,0.46481626270523846,0.7567264573991032
0.52590799031477,0.532258064516129,0.5341404358353511,0.46481626270523846,0.7567264573991032
0.52590799031477,0.5285359801488834,0.535593220338983,0.46364347146207974,0.7387892376681614
0.52590799031477,0.5285359801488834,0.535593220338983,0.462470680218921,0.7253363228699552
0.52590799031477,0.5285359801488834,0.535593220338983,0.462470680218921,0.7107623318385651
0.52590799031477,0.5285359801488834,0.537046004842615,0.4612978889757623,0.702914798206278
0.52590799031477,0.5285359801488834,0.537046004842615,0.4612978889757623,0.6894618834080718
0.52590799031477,0.5285359801488834,0.537046004842615,0.4612978889757623,0.6804932735426009
0.52590799031477,0.5285359801488834,0.537046004842615,0.46012509773260357,0.6681614349775785
0.52590799031477,0.5285359801488834,0.537046004842615,0.4589523064894449,0.6591928251121076
0.52590799031477,0.5285359801488834,0.537046004842615,0.4589523064894449,0.6412556053811659
0.52590799031477,0.5285359801488834,0.537046004842615,0.4577795152462862,0.6322869955156951
0.52590799031477,0.532258064516129,0.538498789346247,0.45660672400312746,0.6165919282511211
0.52590799031477,0.532258064516129,0.538498789346247,0.45543393275996874,0.6109865470852018
0.52590799031477,0.5359801488833746,0.538498789346247,0.45426114151681,0.594170403587444
0.52590799031477,0.5359801488833746,0.538498789346247,0.4530883502736513,0.5795964125560538
0.52590799031477,0.5359801488833746,0.538498789346247,0.4519155590304926,0.5650224215246636
0.52590799031477,0.5359801488833746,0.538498789346247,0.45074276778733385,0.5526905829596412
0.52590799031477,0.5359801488833746,0.538498789346247,0.44956997654417513,0.5403587443946188
0.52590799031477,0.5359801488833746,0.5399515738498789,0.4483971853010164,0.5325112107623319
0.52590799031477,0.5397022332506204,0.5399515738498789,0.4483971853010164,0.5190582959641256
0.52590799031477,0.5397022332506204,0.5399515738498789,0.4472243940578577,0.507847533632287
0.52590799031477,0.5397022332506204,0.5399515738498789,0.44605160281469897,0.5
0.52590799031477,0.5397022332506204,0.5399515738498789,0.44487881157154024,0.48094170403587444
0.52590799031477,0.5397022332506204,0.5399515738498789,0.44487881157154024,0.48094170403587444
0.52590799031477,0.5397022332506204,0.5399515738498789,0.44487881157154024,0.47085201793721976
0.52590799031477,0.5397022332506204,0.5399515738498789,0.44487881157154024,0.46300448430493274
0.52590799031477,0.5397022332506204,0.5399515738498789,0.44487881157154024,0.45964125560538116
0.52590799031477,0.5397022332506204,0.5399515738498789,0.44487881157154024,0.4495515695067265
0.52590799031477,0.5397022332506204,0.5399515738498789,0.44487881157154024,0.44170403587443946
0.52590799031477,0.5397022332506204,0.5399515738498789,0.44487881157154024,0.42937219730941706
0.52590799031477,0.5397022332506204,0.5399515738498789,0.4437060203283815,0.4248878923766816
0.52590799031477,0.5397022332506204,0.5399515738498789,0.4437060203283815,0.4147982062780269
0.52590799031477,0.5397022332506204,0.5399515738498789,0.4437060203283815,0.40582959641255606
0.52590799031477,0.5397022332506204,0.5399515738498789,0.4437060203283815,0.3968609865470852
0.52590799031477,0.5397022332506204,0.5399515738498789,0.4437060203283815,0.3890134529147982
0.52590799031477,0.5397022332506204,0.5399515738498789,0.4437060203283815,0.38004484304932734
0.52590799031477,0.5397022332506204,0.5399515738498789,0.4437060203283815,0.3721973094170404
0.52590799031477,0.5397022332506204,0.5399515738498789,0.4437060203283815,0.36434977578475336
0.52590799031477,0.5397022332506204,0.5399515738498789,0.4437060203283815,0.35538116591928254
0.52590799031477,0.5397022332506204,0.538498789346247,0.44487881157154024,0.3475336322869955
0.52590799031477,0.5397022332506204,0.538498789346247,0.44605160281469897,0.3352017937219731
0.52590799031477,0.5397022332506204,0.538498789346247,0.44605160281469897,0.32847533632286996
0.52590799031477,0.5397022332506204,0.537046004842615,0.4472243940578577,0.3172645739910314
0.524455205811138,0.5397022332506204,0.537046004842615,0.4483971853010164,0.31053811659192826
0.524455205811138,0.5397022332506204,0.537046004842615,0.4483971853010164,0.30269058295964124
0.524455205811138,0.5397022332506204,0.535593220338983,0.44956997654417513,0.29596412556053814
0.524455205811138,0.5397022332506204,0.535593220338983,0.45074276778733385,0.2914798206278027
0.524455205811138,0.5359801488833746,0.535593220338983,0.4519155590304926,0.2836322869955157
0.524455205811138,0.5359801488833746,0.535593220338983,0.4519155590304926,0.2802690582959641
0.524455205811138,0.5359801488833746,0.535593220338983,0.4530883502736513,0.273542600896861
0.524455205811138,0.5359801488833746,0.535593220338983,0.45426114151681,0.26905829596412556
0.524455205811138,0.5359801488833746,0.535593220338983,0.45543393275996874,0.265695067264574
0.524455205811138,0.5359801488833746,0.535593220338983,0.4577795152462862,0.2623318385650224
0.524455205811138,0.5359801488833746,0.535593220338983,0.4577795152462862,0.2623318385650224
0.524455205811138,0.532258064516129,0.535593220338983,0.4589523064894449,0.2589686098654709
0.524455205811138,0.532258064516129,0.535593220338983,0.4589523064894449,0.2589686098654709
0.524455205811138,0.532258064516129,0.535593220338983,0.46012509773260357,0.2589686098654709
0.524455205811138,0.532258064516129,0.535593220338983,0.4612978889757623,0.2589686098654709
0.524455205811138,0.532258064516129,0.535593220338983,0.462470680218921,0.2589686098654709
0.524455205811138,0.532258064516129,0.535593220338983,0.462470680218921,0.2589686098654709
0.524455205811138,0.532258064516129,0.535593220338983,0.46481626270523846,0.2589686098654709
0.524455205811138,0.532258064516129,0.535593220338983,0.46481626270523846,0.2589686098654709
0.524455205811138,0.532258064516129,0.535593220338983,0.4659890539483972,0.2589686098654709
0.524455205811138,0.532258064516129,0.535593220338983,0.4671618451915559,0.2589686098654709
0.524455205811138,0.532258064516129,0.535593220338983,0.4683346364347146,0.2589686098654709
0.524455205811138,0.532258064516129,0.535593220338983,0.4683346364347146,0.2589686098654709
0.524455205811138,0.532258064516129,0.535593220338983,0.4718530101641908,0.2556053811659193
0.524455205811138,0.532258064516129,0.535593220338983,0.4730258014073495,0.2556053811659193
0.524455205811138,0.5285359801488834,0.535593220338983,0.47419859265050823,0.2522421524663677
0.524455205811138,0.5285359801488834,0.535593220338983,0.4765441751368256,0.24887892376681614
0.524455205811138,0.5285359801488834,0.5341404358353511,0.47771696637998434,0.24551569506726456
0.524455205811138,0.5285359801488834,0.5341404358353511,0.47888975762314306,0.24551569506726456
0.524455205811138,0.5248138957816377,0.5341404358353511,0.4800625488663018,0.242152466367713
0.524455205811138,0.5248138957816377,0.5341404358353511,0.4812353401094605,0.242152466367713
0.524455205811138,0.5248138957816377,0.5341404358353511,0.48240813135261923,0.23878923766816143
0.524455205811138,0.5210918114143921,0.5341404358353511,0.48358092259577795,0.23878923766816143
0.524455205811138,0.5210918114143921,0.5341404358353511,0.48514464425332293,0.23878923766816143
0.524455205811138,0.5173697270471465,0.5341404358353511,0.48514464425332293,0.23542600896860988
0.524455205811138,0.5173697270471465,0.5341404358353511,0.4878811571540266,0.2320627802690583
0.524455205811138,0.5136476426799007,0.5341404358353511,0.4890539483971853,0.22869955156950672
0.524455205811138,0.5099255583126551,0.5341404358353511,0.490226739640344,0.22533632286995517
0.524455205811138,0.5099255583126551,0.5341404358353511,0.491790461297889,0.218609865470852
0.524455205811138,0.5062034739454094,0.5341404358353511,0.49296325254104767,0.21524663677130046
0.524455205811138,0.5024813895781638,0.5341404358353511,0.4953088350273651,0.21188340807174888
0.524455205811138,0.5024813895781638,0.5341404358353511,0.49648162627052383,0.2085201793721973
0.524455205811138,0.4987593052109181,0.5341404358353511,0.49765441751368256,0.20515695067264575
0.524455205811138,0.49503722084367247,0.5341404358353511,0.5,0.20179372197309417
0.524455205811138,0.49503722084367247,0.5341404358353511,0.5011727912431587,0.1984304932735426
0.524455205811138,0.4913151364764268,0.5341404358353511,0.5035183737294762,0.19506726457399104
0.524455205811138,0.4913151364764268,0.5341404358353511,0.5046911649726349,0.19170403587443946
0.524455205811138,0.48759305210918114,0.5341404358353511,0.5058639562157936,0.18834080717488788
0.524455205811138,0.48759305210918114,0.5341404358353511,0.5070367474589523,0.18834080717488788
0.524455205811138,0.48759305210918114,0.5341404358353511,0.5070367474589523,0.18834080717488788
0.524455205811138,0.4838709677419355,0.5341404358353511,0.508209538702111,0.18834080717488788
0.524455205811138,0.4838709677419355,0.5341404358353511,0.508209538702111,0.18497757847533633
0.524455205811138,0.4838709677419355,0.5341404358353511,0.508209538702111,0.18497757847533633
0.524455205811138,0.4838709677419355,0.5341404358353511,0.508209538702111,0.18497757847533633
0.524455205811138,0.4838709677419355,0.5341404358353511,0.508209538702111,0.18497757847533633
0.524455205811138,0.4838709677419355,0.5341404358353511,0.508209538702111,0.18497757847533633
0.524455205811138,0.4838709677419355,0.5341404358353511,0.5093823299452698,0.18497757847533633
0.524455205811138,0.4838709677419355,0.5326876513317191,0.5093823299452698,0.18497757847533633
0.524455205811138,0.4838709677419355,0.5326876513317191,0.5093823299452698,0.18497757847533633
0.524455205811138,0.4838709677419355,0.5312348668280872,0.5093823299452698,0.18497757847533633
0.524455205811138,0.4838709677419355,0.5297820823244552,0.5093823299452698,0.18497757847533633
0.524455205811138,0.4838709677419355,0.5297820823244552,0.5093823299452698,0.18497757847533633
0.524455205811138,0.4838709677419355,0.5283292978208233,0.5093823299452698,0.18497757847533633
0.524455205811138,0.4838709677419355,0.5263922518159806,0.5105551211884285,0.18497757847533633
0.524455205811138,0.4838709677419355,0.5249394673123486,0.5117279124315872,0.18497757847533633
0.524455205811138,0.4838709677419355,0.5234866828087167,0.5129007036747459,0.18497757847533633
0.524455205811138,0.4838709677419355,0.5200968523002422,0.5140734949179047,0.18497757847533633
0.524455205811138,0.4801488833746898,0.5181598062953995,0.5152462861610634,0.18497757847533633
0.524455205811138,0.4801488833746898,0.5152542372881356,0.5168100078186083,0.18497757847533633
0.524455205811138,0.47642679900744417,0.5123486682808717,0.5168100078186083,0.18497757847533633
0.524455205811138,0.47270471464019853,0.5108958837772397,0.517982799061767,0.18497757847533633
0.524455205811138,0.46774193548387094,0.5070217917675545,0.517982799061767,0.18497757847533633
0.524455205811138,0.46774193548387094,0.5055690072639225,0.517982799061767,0.18497757847533633
0.524455205811138,0.46774193548387094,0.5041162227602906,0.5191555903049258,0.18497757847533633
0.524455205811138,0.4640198511166253,0.502179176755448,0.5191555903049258,0.18497757847533633
0.524455205811138,0.46029776674937967,0.499273607748184,0.5215011727912432,0.18497757847533633
0.524455205811138,0.46029776674937967,0.49782082324455207,0.5226739640344019,0.18497757847533633
0.524455205811138,0.46029776674937967,0.49588377723970944,0.524628616106333,0.18497757847533633
0.524455205811138,0.46029776674937967,0.4944309927360775,0.5269741985926505,0.18497757847533633
0.524455205811138,0.456575682382134,0.49297820823244554,0.5297107114933541,0.18497757847533633
0.524455205811138,0.45285359801488834,0.48958837772397096,0.5320562939796716,0.18497757847533633
0.524455205811138,0.4491315136476427,0.488135593220339,0.534401876465989,0.18497757847533633
0.524455205811138,0.44168734491315137,0.48523002421307504,0.5359655981235341,0.18497757847533633
0.524455205811138,0.43300248138957814,0.4837772397094431,0.5371383893666928,0.18497757847533633
0.524455205811138,0.43300248138957814,0.4837772397094431,0.5371383893666928,0.18497757847533633
0.524455205811138,0.41563275434243174,0.47893462469733655,0.5418295543393276,0.18497757847533633
0.524455205811138,0.40694789081885857,0.4774818401937046,0.544175136825645,0.18497757847533633
0.524455205811138,0.39950372208436724,0.475544794188862,0.5453479280688037,0.18497757847533633
0.524455205811138,0.3957816377171216,0.47360774818401935,0.5476935105551212,0.18497757847533633
0.524455205811138,0.3920595533498759,0.47021791767554477,0.5500390930414386,0.18497757847533633
0.524455205811138,0.38461538461538464,0.47021791767554477,0.5516028146989835,0.18497757847533633
0.524455205811138,0.3759305210918114,0.46731234866828086,0.5559030492572322,0.18497757847533633
0.524455205811138,0.3709677419354839,0.46731234866828086,0.5570758405003909,0.18497757847533633
0.524455205811138,0.36600496277915634,0.4658595641646489,0.5629397967161845,0.18497757847533633
0.524455205811138,0.358560794044665,0.4658595641646489,0.565285379202502,0.18497757847533633
0.524455205811138,0.3535980148883375,0.4658595641646489,0.5680218921032056,0.18497757847533633
0.524455205811138,0.34863523573200994,0.4658595641646489,0.5695856137607506,0.18497757847533633
0.524455205811138,0.3411910669975186,0.4658595641646489,0.5707584050039093,0.18497757847533633
0.524455205811138,0.337468982630273,0.46731234866828086,0.571931196247068,0.18497757847533633
0.524455205811138,0.337468982630273,0.46731234866828086,0.5731039874902267,0.18497757847533633
0.524455205811138,0.3337468982630273,0.46731234866828086,0.5754495699765442,0.18497757847533633
0.524455205811138,0.32878411910669975,0.46731234866828086,0.5766223612197029,0.18497757847533633
0.524455205811138,0.3250620347394541,0.4687651331719128,0.5777951524628616,0.18497757847533633
0.524455205811138,0.3250620347394541,0.4687651331719128,0.5789679437060203,0.18497757847533633
0.524455205811138,0.3213399503722084,0.47021791767554477,0.5801407349491791,0.18497757847533633
0.524455205811138,0.3213399503722084,0.4716707021791768,0.5820953870211102,0.18497757847533633
0.524455205811138,0.3176178660049628,0.47312348668280874,0.5832681782642689,0.18497757847533633
0.524455205811138,0.3176178660049628,0.4745762711864407,0.5832681782642689,0.18497757847533633
0.524455205811138,0.31389578163771714,0.47796610169491527,0.5832681782642689,0.18497757847533633
0.524455205811138,0.31389578163771714,0.4794188861985472,0.5832681782642689,0.18497757847533633
0.524455205811138,0.31017369727047145,0.48232445520581113,0.5832681782642689,0.18497757847533633
0.5230024213075061,0.31017369727047145,0.48426150121065376,0.5832681782642689,0.18497757847533633
0.5230024213075061,0.3064516129032258,0.4891041162227603,0.5832681782642689,0.18497757847533633
0.5215496368038741,0.3064516129032258,0.4920096852300242,0.5832681782642689,0.18497757847533633
0.5200968523002422,0.3027295285359802,0.49491525423728816,0.5832681782642689,0.18497757847533633
0.5186440677966102,0.3027295285359802,0.4963680387409201,0.5832681782642689,0.18497757847533633
0.5186440677966102,0.2990074441687345,0.5002421307506053,0.5820953870211102,0.18497757847533633
0.5171912832929783,0.29528535980148884,0.5016949152542373,0.5809225957779516,0.18497757847533633
0.5171912832929783,0.29528535980148884,0.5046004842615012,0.5793588741204065,0.18497757847533633
0.5157384987893463,0.2903225806451613,0.5046004842615012,0.5781860828772478,0.18497757847533633
0.5157384987893463,0.2866004962779156,0.5065375302663438,0.5758405003909304,0.18497757847533633
0.5157384987893463,0.28287841191067,0.5065375302663438,0.5742767787333855,0.18497757847533633
0.5142857142857142,0.28287841191067,0.5065375302663438,0.5731039874902267,0.18497757847533633
0.5142857142857142,0.27915632754342434,0.5065375302663438,0.5707584050039093,0.18497757847533633
0.5128329297820823,0.27543424317617865,0.5065375302663438,0.5695856137607506,0.18497757847533633
0.5128329297820823,0.27543424317617865,0.5065375302663438,0.5684128225175918,0.18497757847533633
0.5128329297820823,0.271712158808933,0.5065375302663438,0.5668491008600469,0.18497757847533633
0.5128329297820823,0.2679900744416873,0.5065375302663438,0.5668491008600469,0.18497757847533633
0.5128329297820823,0.2679900744416873,0.5065375302663438,0.5668491008600469,0.18497757847533633
0.5128329297820823,0.2642679900744417,0.5065375302663438,0.5668491008600469,0.18497757847533633
0.5128329297820823,0.26054590570719605,0.5065375302663438,0.5668491008600469,0.18497757847533633
0.5128329297820823,0.26054590570719605,0.5065375302663438,0.5668491008600469,0.18497757847533633
0.5128329297820823,0.25682382133995035,0.5065375302663438,0.5668491008600469,0.18497757847533633
0.5128329297820823,0.2531017369727047,0.5065375302663438,0.5668491008600469,0.18497757847533633
0.5128329297820823,0.24937965260545905,0.5065375302663438,0.5668491008600469,0.18497757847533633
0.5128329297820823,0.24193548387096775,0.5065375302663438,0.5668491008600469,0.18497757847533633
0.5128329297820823,0.23821339950372208,0.5065375302663438,0.5668491008600469,0.18497757847533633
0.5128329297820823,0.23325062034739455,0.5065375302663438,0.5668491008600469,0.18497757847533633
0.5128329297820823,0.22580645161290322,0.5065375302663438,0.5668491008600469,0.18497757847533633
0.5128329297820823,0.22208436724565755,0.5065375302663438,0.5680218921032056,0.18497757847533633
0.5128329297820823,0.21836228287841192,0.5050847457627119,0.5680218921032056,0.18497757847533633
0.5113801452784503,0.21464019851116625,0.5050847457627119,0.5703674745895231,0.18497757847533633
0.5113801452784503,0.2109181141439206,0.5050847457627119,0.5715402658326818,0.18497757847533633
0.5113801452784503,0.20595533498759305,0.5036319612590799,0.5742767787333855,0.18497757847533633
0.5113801452784503,0.2022332506203474,0.5036319612590799,0.5766223612197029,0.18497757847533633
0.5113801452784503,0.19851116625310175,0.502179176755448,0.5805316653635653,0.18497757847533633
0.5113801452784503,0.19851116625310175,0.502179176755448,0.5832681782642689,0.18497757847533633
0.5113801452784503,0.19478908188585609,0.500726392251816,0.5871774824081314,0.18497757847533633
0.5113801452784503,0.19106699751861042,0.499273607748184,0.5895230648944488,0.18497757847533633
0.5113801452784503,0.18734491315136476,0.499273607748184,0.5934323690383112,0.18497757847533633
0.5113801452784503,0.18734491315136476,0.49782082324455207,0.5957779515246286,0.18497757847533633
0.5113801452784503,0.18238213399503722,0.49782082324455207,0.5973416731821736,0.18497757847533633
0.5113801452784503,0.17866004962779156,0.4963680387409201,0.6000781860828772,0.18497757847533633
0.5099273607748184,0.17493796526054592,0.4963680387409201,0.6024237685691947,0.18497757847533633
0.5099273607748184,0.16997518610421836,0.49491525423728816,0.6047693510555121,0.18497757847533633
0.5099273607748184,0.16253101736972705,0.49491525423728816,0.6059421422986708,0.18497757847533633
0.5099273607748184,0.1588089330024814,0.49491525423728816,0.6071149335418295,0.18497757847533633
0.5099273607748184,0.15508684863523572,0.49491525423728816,0.6071149335418295,0.18497757847533633
0.5099273607748184,0.15508684863523572,0.49491525423728816,0.6071149335418295,0.18497757847533633
0.5099273607748184,0.1501240694789082,0.49491525423728816,0.6071149335418295,0.18497757847533633
0.5099273607748184,0.14640198511166252,0.49491525423728816,0.6082877247849883,0.18497757847533633
0.5099273607748184,0.14267990074441686,0.49491525423728816,0.6082877247849883,0.18497757847533633
0.5099273607748184,0.13895781637717122,0.49491525423728816,0.6082877247849883,0.18497757847533633
0.5099273607748184,0.13399503722084366,0.49491525423728816,0.6082877247849883,0.18497757847533633
0.5099273607748184,0.12903225806451613,0.49491525423728816,0.6082877247849883,0.18497757847533633
0.5099273607748184,0.12531017369727046,0.49491525423728816,0.6082877247849883,0.18497757847533633
0.5099273607748184,0.12531017369727046,0.49491525423728816,0.6082877247849883,0.18497757847533633
0.5099273607748184,0.12158808933002481,0.49491525423728816,0.6082877247849883,0.18497757847533633
0.5099273607748184,0.11786600496277916,0.49491525423728816,0.6082877247849883,0.18497757847533633
0.5099273607748184,0.11786600496277916,0.49491525423728816,0.6082877247849883,0.18497757847533633
0.5099273607748184,0.1141439205955335,0.49491525423728816,0.609460516028147,0.18497757847533633
0.5099273607748184,0.1141439205955335,0.49491525423728816,0.609460516028147,0.18497757847533633
0.5099273607748184,0.1141439205955335,0.49491525423728816,0.609460516028147,0.18497757847533633
0.5099273607748184,0.1141439205955335,0.49491525423728816,0.609460516028147,0.18497757847533633
0.5099273607748184,0.1141439205955335,0.49346246973365615,0.6106333072713057,0.18497757847533633
0.5099273607748184,0.1141439205955335,0.49346246973365615,0.6106333072713057,0.18497757847533633
0.5099273607748184,0.1141439205955335,0.4920096852300242,0.6106333072713057,0.18497757847533633
0.5099273607748184,0.1141439205955335,0.4920096852300242,0.6106333072713057,0.18497757847533633
0.5099273607748184,0.1141439205955335,0.4920096852300242,0.6129788897576232,0.18497757847533633
0.5099273607748184,0.1141439205955335,0.4920096852300242,0.6129788897576232,0.18497757847533633
0.5099273607748184,0.1141439205955335,0.4920096852300242,0.6141516810007819,0.18497757847533633
0.5099273607748184,0.1141439205955335,0.4920096852300242,0.6153244722439406,0.18497757847533633
0.5099273607748184,0.1141439205955335,0.4920096852300242,0.6153244722439406,0.18497757847533633
0.5099273607748184,0.1141439205955335,0.4920096852300242,0.6153244722439406,0.18497757847533633
0.5099273607748184,0.1141439205955335,0.49055690072639224,0.6153244722439406,0.18497757847533633
0.5099273607748184,0.1141439205955335,0.49055690072639224,0.6153244722439406,0.18497757847533633
0.5099273607748184,0.1141439205955335,0.49055690072639224,0.6153244722439406,0.18497757847533633
0.5099273607748184,0.1141439205955335,0.49055690072639224,0.6153244722439406,0.18497757847533633
0.5099273607748184,0.1141439205955335,0.49055690072639224,0.6153244722439406,0.18497757847533633
0.5099273607748184,0.1141439205955335,0.49055690072639224,0.6153244722439406,0.18497757847533633
0.5099273607748184,0.1141439205955335,0.4891041162227603,0.6153244722439406,0.18497757847533633
0.5099273607748184,0.1141439205955335,0.4891041162227603,0.6153244722439406,0.18497757847533633
0.5099273607748184,0.11786600496277916,0.4891041162227603,0.6153244722439406,0.18497757847533633
0.5099273607748184,0.11786600496277916,0.4891041162227603,0.6153244722439406,0.18497757847533633
0.5099273607748184,0.11786600496277916,0.4891041162227603,0.6153244722439406,0.18497757847533633
0.5099273607748184,0.11786600496277916,0.4891041162227603,0.6153244722439406,0.18497757847533633
0.5099273607748184,0.11786600496277916,0.4891041162227603,0.6153244722439406,0.18497757847533633
0.5099273607748184,0.11786600496277916,0.4891041162227603,0.6153244722439406,0.18497757847533633
0.5099273607748184,0.11786600496277916,0.4891041162227603,0.6153244722439406,0.18497757847533633
0.5099273607748184,0.11786600496277916,0.4891041162227603,0.6153244722439406,0.18497757847533633
0.5099273607748184,0.11786600496277916,0.4891041162227603,0.6153244722439406,0.18497757847533633
0.5099273607748184,0.11786600496277916,0.4891041162227603,0.6153244722439406,0.18497757847533633
0.5099273607748184,0.11786600496277916,0.48765133171912833,0.6153244722439406,0.18497757847533633
0.5099273607748184,0.11786600496277916,0.48765133171912833,0.6153244722439406,0.18497757847533633
0.5099273607748184,0.1141439205955335,0.48765133171912833,0.6153244722439406,0.18497757847533633
0.5099273607748184,0.1141439205955335,0.48765133171912833,0.6153244722439406,0.18497757847533633
0.5099273607748184,0.1141439205955335,0.48765133171912833,0.6153244722439406,0.18497757847533633
0.5099273607748184,0.1141439205955335,0.48765133171912833,0.6153244722439406,0.18497757847533633
0.5099273607748184,0.1141439205955335,0.48765133171912833,0.6153244722439406,0.18497757847533633
0.5099273607748184,0.1141439205955335,0.48765133171912833,0.6153244722439406,0.18497757847533633
0.5099273607748184,0.1141439205955335,0.48765133171912833,0.6153244722439406,0.18497757847533633
0.5099273607748184,0.1141439205955335,0.48765133171912833,0.6153244722439406,0.18497757847533633
0.5099273607748184,0.1141439205955335,0.48765133171912833,0.6153244722439406,0.18497757847533633
0.5099273607748184,0.1141439205955335,0.48765133171912833,0.6153244722439406,0.18497757847533633
0.5099273607748184,0.1141439205955335,0.48765133171912833,0.6153244722439406,0.18497757847533633
0.5099273607748184,0.1141439205955335,0.48765133171912833,0.6153244722439406,0.18497757847533633
0.5099273607748184,0.1141439205955335,0.48765133171912833,0.6153244722439406,0.18497757847533633
0.5099273607748184,0.1141439205955335,0.48765133171912833,0.6153244722439406,0.18497757847533633
0.5099273607748184,0.1141439205955335,0.48765133171912833,0.6153244722439406,0.18497757847533633
0.5099273607748184,0.1141439205955335,0.48765133171912833,0.6153244722439406,0.18497757847533633
0.5099273607748184,0.1141439205955335,0.48765133171912833,0.6153244722439406,0.18497757847533633
0.5099273607748184,0.1141439205955335,0.48765133171912833,0.6153244722439406,0.18497757847533633
0.5099273607748184,0.1141439205955335,0.4861985472154964,0.6153244722439406,0.18497757847533633
0.5099273607748184,0.1141439205955335,0.4861985472154964,0.6153244722439406,0.18497757847533633
0.5099273607748184,0.1141439205955335,0.4861985472154964,0.6153244722439406,0.18497757847533633
0.5099273607748184,0.1141439205955335,0.4861985472154964,0.6153244722439406,0.18497757847533633
0.5099273607748184,0.1141439205955335,0.4847457627118644,0.6153244722439406,0.18497757847533633
0.5099273607748184,0.1141439205955335,0.4847457627118644,0.6153244722439406,0.18497757847533633
0.5099273607748184,0.1141439205955335,0.4847457627118644,0.6153244722439406,0.18497757847533633
0.5099273607748184,0.1141439205955335,0.4847457627118644,0.6153244722439406,0.18497757847533633
0.5099273607748184,0.1141439205955335,0.4847457627118644,0.6153244722439406,0.18497757847533633
0.5099273607748184,0.1141439205955335,0.4847457627118644,0.6153244722439406,0.18497757847533633
0.5099273607748184,0.1141439205955335,0.4847457627118644,0.6153244722439406,0.18497757847533633
0.5099273607748184,0.1141439205955335,0.48329297820823247,0.6153244722439406,0.18497757847533633
0.5099273607748184,0.1141439205955335,0.48329297820823247,0.6153244722439406,0.18497757847533633
0.5099273607748184,0.1141439205955335,0.48329297820823247,0.6153244722439406,0.18497757847533633
0.5099273607748184,0.1141439205955335,0.48329297820823247,0.6153244722439406,0.18497757847533633
0.5099273607748184,0.1141439205955335,0.48329297820823247,0.6153244722439406,0.18497757847533633
0.5099273607748184,0.1141439205955335,0.48329297820823247,0.6153244722439406,0.18497757847533633
0.5099273607748184,0.1141439205955335,0.48329297820823247,0.6153244722439406,0.18497757847533633
0.5099273607748184,0.1141439205955335,0.48329297820823247,0.6153244722439406,0.18497757847533633
0.5099273607748184,0.1141439205955335,0.48329297820823247,0.6153244722439406,0.18497757847533633
0.5099273607748184,0.1141439205955335,0.48329297820823247,0.6153244722439406,0.18497757847533633
0.5099273607748184,0.1141439205955335,0.48329297820823247,0.6153244722439406,0.18497757847533633
0.5099273607748184,0.1141439205955335,0.48329297820823247,0.6153244722439406,0.18497757847533633
0.5099273607748184,0.11786600496277916,0.48329297820823247,0.6153244722439406,0.18497757847533633
0.5099273607748184,0.11786600496277916,0.48329297820823247,0.6153244722439406,0.18497757847533633
0.5099273607748184,0.11786600496277916,0.48329297820823247,0.6153244722439406,0.18497757847533633
